record_id,company_name,source_url,source_text_path,mhlw_source_url,mhlw_text_path,association_text_path,verification_status
company-2f4c3e06,株式会社 札幌昭栄,https://jinzai.hellowork.mhlw.go.jp/JinzaiWeb/GICB102030.do?screenId=GICB102030&action=detail&detkey_Detail=01-%E3%83%A6-010019%2C0+++++,data/raw/mhlw/detail-0001-01_ユ_010019.html,https://jinzai.hellowork.mhlw.go.jp/JinzaiWeb/GICB102030.do?screenId=GICB102030&action=detail&detkey_Detail=01-%E3%83%A6-010019%2C0+++++,data/raw/mhlw/detail-0001-01_ユ_010019.html,,mhlw_verified
company-9900cdc3,株式会社 エイチビーケーサポートワーク,https://jinzai.hellowork.mhlw.go.jp/JinzaiWeb/GICB102030.do?screenId=GICB102030&action=detail&detkey_Detail=01-%E3%83%A6-010082%2C0+++++,data/raw/mhlw/detail-0002-01_ユ_010082.html,https://jinzai.hellowork.mhlw.go.jp/JinzaiWeb/GICB102030.do?screenId=GICB102030&action=detail&detkey_Detail=01-%E3%83%A6-010082%2C0+++++,data/raw/mhlw/detail-0002-01_ユ_010082.html,,mhlw_verified
company-fdfd4207,有限会社 北見マーケットコミュニケーションズ,https://jinzai.hellowork.mhlw.go.jp/JinzaiWeb/GICB102030.do?screenId=GICB102030&action=detail&detkey_Detail=01-%E3%83%A6-050002%2C0+++++,data/raw/mhlw/detail-0003-01_ユ_050002.html,https://jinzai.hellowork.mhlw.go.jp/JinzaiWeb/GICB102030.do?screenId=GICB102030&action=detail&detkey_Detail=01-%E3%83%A6-050002%2C0+++++,data/raw/mhlw/detail-0003-01_ユ_050002.html,,mhlw_verified
company-50700965,株式会社 ロックウェル,https://jinzai.hellowork.mhlw.go.jp/JinzaiWeb/GICB102030.do?screenId=GICB102030&action=detail&detkey_Detail=01-%E3%83%A6-300012%2C0+++++,data/raw/mhlw/detail-0004-01_ユ_300012.html,https://jinzai.hellowork.mhlw.go.jp/JinzaiWeb/GICB102030.do?screenId=GICB102030&action=detail&detkey_Detail=01-%E3%83%A6-300012%2C0+++++,data/raw/mhlw/detail-0004-01_ユ_300012.html,,mhlw_verified
company-14714f2b,株式会社 道新アクセス,https://jinzai.hellowork.mhlw.go.jp/JinzaiWeb/GICB102030.do?screenId=GICB102030&action=detail&detkey_Detail=01-%E3%83%A6-300020%2C0+++++,data/raw/mhlw/detail-0005-01_ユ_300020.html,https://jinzai.hellowork.mhlw.go.jp/JinzaiWeb/GICB102030.do?screenId=GICB102030&action=detail&detkey_Detail=01-%E3%83%A6-300020%2C0+++++,data/raw/mhlw/detail-0005-01_ユ_300020.html,,mhlw_verified
company-1bde2b53,株式会社 アネックス,https://jinzai.hellowork.mhlw.go.jp/JinzaiWeb/GICB102030.do?screenId=GICB102030&action=detail&detkey_Detail=01-%E3%83%A6-300031%2C0+++++,data/raw/mhlw/detail-0006-01_ユ_300031.html,https://jinzai.hellowork.mhlw.go.jp/JinzaiWeb/GICB102030.do?screenId=GICB102030&action=detail&detkey_Detail=01-%E3%83%A6-300031%2C0+++++,data/raw/mhlw/detail-0006-01_ユ_300031.html,,mhlw_verified
company-3961db7d,株式会社 アネックス,https://jinzai.hellowork.mhlw.go.jp/JinzaiWeb/GICB102030.do?screenId=GICB102030&action=detail&detkey_Detail=01-%E3%83%A6-300031%2C1+++++,data/raw/mhlw/detail-0007-01_ユ_300031.html,https://jinzai.hellowork.mhlw.go.jp/JinzaiWeb/GICB102030.do?screenId=GICB102030&action=detail&detkey_Detail=01-%E3%83%A6-300031%2C1+++++,data/raw/mhlw/detail-0007-01_ユ_300031.html,,mhlw_verified
company-a7e61177,株式会社 ファーストステップ,https://jinzai.hellowork.mhlw.go.jp/JinzaiWeb/GICB102030.do?screenId=GICB102030&action=detail&detkey_Detail=01-%E3%83%A6-300039%2C0+++++,data/raw/mhlw/detail-0008-01_ユ_300039.html,https://jinzai.hellowork.mhlw.go.jp/JinzaiWeb/GICB102030.do?screenId=GICB102030&action=detail&detkey_Detail=01-%E3%83%A6-300039%2C0+++++,data/raw/mhlw/detail-0008-01_ユ_300039.html,,mhlw_verified
company-16a31d99,メイツセレクト 株式会社,https://jinzai.hellowork.mhlw.go.jp/JinzaiWeb/GICB102030.do?screenId=GICB102030&action=detail&detkey_Detail=01-%E3%83%A6-300046%2C0+++++,data/raw/mhlw/detail-0009-01_ユ_300046.html,https://jinzai.hellowork.mhlw.go.jp/JinzaiWeb/GICB102030.do?screenId=GICB102030&action=detail&detkey_Detail=01-%E3%83%A6-300046%2C0+++++,data/raw/mhlw/detail-0009-01_ユ_300046.html,,mhlw_verified
company-31dc22aa,有限会社 ガーディアン美警,https://jinzai.hellowork.mhlw.go.jp/JinzaiWeb/GICB102030.do?screenId=GICB102030&action=detail&detkey_Detail=01-%E3%83%A6-300064%2C0+++++,data/raw/mhlw/detail-0010-01_ユ_300064.html,https://jinzai.hellowork.mhlw.go.jp/JinzaiWeb/GICB102030.do?screenId=GICB102030&action=detail&detkey_Detail=01-%E3%83%A6-300064%2C0+++++,data/raw/mhlw/detail-0010-01_ユ_300064.html,,mhlw_verified
company-6d46393e,モス物流プランニング 株式会社,https://jinzai.hellowork.mhlw.go.jp/JinzaiWeb/GICB102030.do?screenId=GICB102030&action=detail&detkey_Detail=01-%E3%83%A6-300089%2C0+++++,data/raw/mhlw/detail-0011-01_ユ_300089.html,https://jinzai.hellowork.mhlw.go.jp/JinzaiWeb/GICB102030.do?screenId=GICB102030&action=detail&detkey_Detail=01-%E3%83%A6-300089%2C0+++++,data/raw/mhlw/detail-0011-01_ユ_300089.html,,mhlw_verified
company-102336d3,株式会社 アメリカンビジネスサービス,https://jinzai.hellowork.mhlw.go.jp/JinzaiWeb/GICB102030.do?screenId=GICB102030&action=detail&detkey_Detail=01-%E3%83%A6-300090%2C1+++++,data/raw/mhlw/detail-0012-01_ユ_300090.html,https://jinzai.hellowork.mhlw.go.jp/JinzaiWeb/GICB102030.do?screenId=GICB102030&action=detail&detkey_Detail=01-%E3%83%A6-300090%2C1+++++,data/raw/mhlw/detail-0012-01_ユ_300090.html,,mhlw_verified
company-d3815507,株式会社 アメリカンビジネスサービス,https://jinzai.hellowork.mhlw.go.jp/JinzaiWeb/GICB102030.do?screenId=GICB102030&action=detail&detkey_Detail=01-%E3%83%A6-300090%2C2+++++,data/raw/mhlw/detail-0013-01_ユ_300090.html,https://jinzai.hellowork.mhlw.go.jp/JinzaiWeb/GICB102030.do?screenId=GICB102030&action=detail&detkey_Detail=01-%E3%83%A6-300090%2C2+++++,data/raw/mhlw/detail-0013-01_ユ_300090.html,,mhlw_verified
company-21f695d1,株式会社 エルフィンウエブ,https://jinzai.hellowork.mhlw.go.jp/JinzaiWeb/GICB102030.do?screenId=GICB102030&action=detail&detkey_Detail=01-%E3%83%A6-300102%2C0+++++,data/raw/mhlw/detail-0014-01_ユ_300102.html,https://jinzai.hellowork.mhlw.go.jp/JinzaiWeb/GICB102030.do?screenId=GICB102030&action=detail&detkey_Detail=01-%E3%83%A6-300102%2C0+++++,data/raw/mhlw/detail-0014-01_ユ_300102.html,,mhlw_verified
company-7d57a650,株式会社 ネオコーポレーション,https://jinzai.hellowork.mhlw.go.jp/JinzaiWeb/GICB102030.do?screenId=GICB102030&action=detail&detkey_Detail=01-%E3%83%A6-300106%2C0+++++,data/raw/mhlw/detail-0015-01_ユ_300106.html,https://jinzai.hellowork.mhlw.go.jp/JinzaiWeb/GICB102030.do?screenId=GICB102030&action=detail&detkey_Detail=01-%E3%83%A6-300106%2C0+++++,data/raw/mhlw/detail-0015-01_ユ_300106.html,,mhlw_verified
company-2111bd8a,株式会社 ＢＥＣＫ,https://jinzai.hellowork.mhlw.go.jp/JinzaiWeb/GICB102030.do?screenId=GICB102030&action=detail&detkey_Detail=01-%E3%83%A6-300143%2C0+++++,data/raw/mhlw/detail-0016-01_ユ_300143.html,https://jinzai.hellowork.mhlw.go.jp/JinzaiWeb/GICB102030.do?screenId=GICB102030&action=detail&detkey_Detail=01-%E3%83%A6-300143%2C0+++++,data/raw/mhlw/detail-0016-01_ユ_300143.html,,mhlw_verified
company-495e6b3d,リンケージサービス 株式会社,https://jinzai.hellowork.mhlw.go.jp/JinzaiWeb/GICB102030.do?screenId=GICB102030&action=detail&detkey_Detail=01-%E3%83%A6-300185%2C1+++++,data/raw/mhlw/detail-0017-01_ユ_300185.html,https://jinzai.hellowork.mhlw.go.jp/JinzaiWeb/GICB102030.do?screenId=GICB102030&action=detail&detkey_Detail=01-%E3%83%A6-300185%2C1+++++,data/raw/mhlw/detail-0017-01_ユ_300185.html,,mhlw_verified
company-90b81456,リンケージサービス 株式会社,https://jinzai.hellowork.mhlw.go.jp/JinzaiWeb/GICB102030.do?screenId=GICB102030&action=detail&detkey_Detail=01-%E3%83%A6-300185%2C2+++++,data/raw/mhlw/detail-0018-01_ユ_300185.html,https://jinzai.hellowork.mhlw.go.jp/JinzaiWeb/GICB102030.do?screenId=GICB102030&action=detail&detkey_Detail=01-%E3%83%A6-300185%2C2+++++,data/raw/mhlw/detail-0018-01_ユ_300185.html,,mhlw_verified
company-e44a782b,株式会社 ヤマダイグループ,https://jinzai.hellowork.mhlw.go.jp/JinzaiWeb/GICB102030.do?screenId=GICB102030&action=detail&detkey_Detail=01-%E3%83%A6-300246%2C1+++++,data/raw/mhlw/detail-0019-01_ユ_300246.html,https://jinzai.hellowork.mhlw.go.jp/JinzaiWeb/GICB102030.do?screenId=GICB102030&action=detail&detkey_Detail=01-%E3%83%A6-300246%2C1+++++,data/raw/mhlw/detail-0019-01_ユ_300246.html,,mhlw_verified
company-58542413,株式会社 ヤマダイグループ,https://jinzai.hellowork.mhlw.go.jp/JinzaiWeb/GICB102030.do?screenId=GICB102030&action=detail&detkey_Detail=01-%E3%83%A6-300246%2C2+++++,data/raw/mhlw/detail-0020-01_ユ_300246.html,https://jinzai.hellowork.mhlw.go.jp/JinzaiWeb/GICB102030.do?screenId=GICB102030&action=detail&detkey_Detail=01-%E3%83%A6-300246%2C2+++++,data/raw/mhlw/detail-0020-01_ユ_300246.html,,mhlw_verified
company-90534e23,株式会社 プロサポート物流,https://jinzai.hellowork.mhlw.go.jp/JinzaiWeb/GICB102030.do?screenId=GICB102030&action=detail&detkey_Detail=01-%E3%83%A6-300259%2C1+++++,data/raw/mhlw/detail-0021-01_ユ_300259.html,https://jinzai.hellowork.mhlw.go.jp/JinzaiWeb/GICB102030.do?screenId=GICB102030&action=detail&detkey_Detail=01-%E3%83%A6-300259%2C1+++++,data/raw/mhlw/detail-0021-01_ユ_300259.html,,mhlw_verified
company-e3451244,株式会社 札総,https://jinzai.hellowork.mhlw.go.jp/JinzaiWeb/GICB102030.do?screenId=GICB102030&action=detail&detkey_Detail=01-%E3%83%A6-300273%2C1+++++,data/raw/mhlw/detail-0022-01_ユ_300273.html,https://jinzai.hellowork.mhlw.go.jp/JinzaiWeb/GICB102030.do?screenId=GICB102030&action=detail&detkey_Detail=01-%E3%83%A6-300273%2C1+++++,data/raw/mhlw/detail-0022-01_ユ_300273.html,,mhlw_verified
company-dd61c9e6,合同会社エム・アイ・エス札幌,https://jinzai.hellowork.mhlw.go.jp/JinzaiWeb/GICB102030.do?screenId=GICB102030&action=detail&detkey_Detail=01-%E3%83%A6-300319%2C1+++++,data/raw/mhlw/detail-0023-01_ユ_300319.html,https://jinzai.hellowork.mhlw.go.jp/JinzaiWeb/GICB102030.do?screenId=GICB102030&action=detail&detkey_Detail=01-%E3%83%A6-300319%2C1+++++,data/raw/mhlw/detail-0023-01_ユ_300319.html,,mhlw_verified
company-a77dfeed,株式会社 ＧＳＩ,https://jinzai.hellowork.mhlw.go.jp/JinzaiWeb/GICB102030.do?screenId=GICB102030&action=detail&detkey_Detail=01-%E3%83%A6-300333%2C1+++++,data/raw/mhlw/detail-0024-01_ユ_300333.html,https://jinzai.hellowork.mhlw.go.jp/JinzaiWeb/GICB102030.do?screenId=GICB102030&action=detail&detkey_Detail=01-%E3%83%A6-300333%2C1+++++,data/raw/mhlw/detail-0024-01_ユ_300333.html,,mhlw_verified
company-a883a512,株式会社ドルフィン,https://jinzai.hellowork.mhlw.go.jp/JinzaiWeb/GICB102030.do?screenId=GICB102030&action=detail&detkey_Detail=01-%E3%83%A6-300341%2C1+++++,data/raw/mhlw/detail-0025-01_ユ_300341.html,https://jinzai.hellowork.mhlw.go.jp/JinzaiWeb/GICB102030.do?screenId=GICB102030&action=detail&detkey_Detail=01-%E3%83%A6-300341%2C1+++++,data/raw/mhlw/detail-0025-01_ユ_300341.html,,mhlw_verified
company-54c52725,株式会社エス・エム・エスサポートサービス,https://jinzai.hellowork.mhlw.go.jp/JinzaiWeb/GICB102030.do?screenId=GICB102030&action=detail&detkey_Detail=01-%E3%83%A6-300356%2C1+++++,data/raw/mhlw/detail-0026-01_ユ_300356.html,https://jinzai.hellowork.mhlw.go.jp/JinzaiWeb/GICB102030.do?screenId=GICB102030&action=detail&detkey_Detail=01-%E3%83%A6-300356%2C1+++++,data/raw/mhlw/detail-0026-01_ユ_300356.html,,mhlw_verified
company-ef13f146,株式会社 ノースグリーン,https://jinzai.hellowork.mhlw.go.jp/JinzaiWeb/GICB102030.do?screenId=GICB102030&action=detail&detkey_Detail=01-%E3%83%A6-300357%2C1+++++,data/raw/mhlw/detail-0027-01_ユ_300357.html,https://jinzai.hellowork.mhlw.go.jp/JinzaiWeb/GICB102030.do?screenId=GICB102030&action=detail&detkey_Detail=01-%E3%83%A6-300357%2C1+++++,data/raw/mhlw/detail-0027-01_ユ_300357.html,,mhlw_verified
company-9d56a610,株式会社グラン・メディコ,https://jinzai.hellowork.mhlw.go.jp/JinzaiWeb/GICB102030.do?screenId=GICB102030&action=detail&detkey_Detail=01-%E3%83%A6-300362%2C1+++++,data/raw/mhlw/detail-0028-01_ユ_300362.html,https://jinzai.hellowork.mhlw.go.jp/JinzaiWeb/GICB102030.do?screenId=GICB102030&action=detail&detkey_Detail=01-%E3%83%A6-300362%2C1+++++,data/raw/mhlw/detail-0028-01_ユ_300362.html,,mhlw_verified
company-8964c5c7,三鉱建設株式会社,https://jinzai.hellowork.mhlw.go.jp/JinzaiWeb/GICB102030.do?screenId=GICB102030&action=detail&detkey_Detail=01-%E3%83%A6-300363%2C1+++++,data/raw/mhlw/detail-0029-01_ユ_300363.html,https://jinzai.hellowork.mhlw.go.jp/JinzaiWeb/GICB102030.do?screenId=GICB102030&action=detail&detkey_Detail=01-%E3%83%A6-300363%2C1+++++,data/raw/mhlw/detail-0029-01_ユ_300363.html,,mhlw_verified
company-d7a3f304,株式会社大原キャリアスタッフ北海道,https://jinzai.hellowork.mhlw.go.jp/JinzaiWeb/GICB102030.do?screenId=GICB102030&action=detail&detkey_Detail=01-%E3%83%A6-300364%2C1+++++,data/raw/mhlw/detail-0030-01_ユ_300364.html,https://jinzai.hellowork.mhlw.go.jp/JinzaiWeb/GICB102030.do?screenId=GICB102030&action=detail&detkey_Detail=01-%E3%83%A6-300364%2C1+++++,data/raw/mhlw/detail-0030-01_ユ_300364.html,,mhlw_verified
company-7106e213,株式会社 エーピーアール,https://jinzai.hellowork.mhlw.go.jp/JinzaiWeb/GICB102030.do?screenId=GICB102030&action=detail&detkey_Detail=01-%E3%83%A6-300390%2C1+++++,data/raw/mhlw/detail-0031-01_ユ_300390.html,https://jinzai.hellowork.mhlw.go.jp/JinzaiWeb/GICB102030.do?screenId=GICB102030&action=detail&detkey_Detail=01-%E3%83%A6-300390%2C1+++++,data/raw/mhlw/detail-0031-01_ユ_300390.html,,mhlw_verified
company-8ba60540,楡創研 株式会社,https://jinzai.hellowork.mhlw.go.jp/JinzaiWeb/GICB102030.do?screenId=GICB102030&action=detail&detkey_Detail=01-%E3%83%A6-300395%2C1+++++,data/raw/mhlw/detail-0032-01_ユ_300395.html,https://jinzai.hellowork.mhlw.go.jp/JinzaiWeb/GICB102030.do?screenId=GICB102030&action=detail&detkey_Detail=01-%E3%83%A6-300395%2C1+++++,data/raw/mhlw/detail-0032-01_ユ_300395.html,,mhlw_verified
company-c7679cbe,株式会社 ソフトガーデン,https://jinzai.hellowork.mhlw.go.jp/JinzaiWeb/GICB102030.do?screenId=GICB102030&action=detail&detkey_Detail=01-%E3%83%A6-300398%2C1+++++,data/raw/mhlw/detail-0033-01_ユ_300398.html,https://jinzai.hellowork.mhlw.go.jp/JinzaiWeb/GICB102030.do?screenId=GICB102030&action=detail&detkey_Detail=01-%E3%83%A6-300398%2C1+++++,data/raw/mhlw/detail-0033-01_ユ_300398.html,,mhlw_verified
company-5199a227,株式会社 ソフトガーデン,https://jinzai.hellowork.mhlw.go.jp/JinzaiWeb/GICB102030.do?screenId=GICB102030&action=detail&detkey_Detail=01-%E3%83%A6-300398%2C2+++++,data/raw/mhlw/detail-0034-01_ユ_300398.html,https://jinzai.hellowork.mhlw.go.jp/JinzaiWeb/GICB102030.do?screenId=GICB102030&action=detail&detkey_Detail=01-%E3%83%A6-300398%2C2+++++,data/raw/mhlw/detail-0034-01_ユ_300398.html,,mhlw_verified
company-6460faa6,伊達環境管理株式会社,https://jinzai.hellowork.mhlw.go.jp/JinzaiWeb/GICB102030.do?screenId=GICB102030&action=detail&detkey_Detail=01-%E3%83%A6-300404%2C1+++++,data/raw/mhlw/detail-0035-01_ユ_300404.html,https://jinzai.hellowork.mhlw.go.jp/JinzaiWeb/GICB102030.do?screenId=GICB102030&action=detail&detkey_Detail=01-%E3%83%A6-300404%2C1+++++,data/raw/mhlw/detail-0035-01_ユ_300404.html,,mhlw_verified
company-509ae6cc,株式会社 ＮＴＴネクシア,https://jinzai.hellowork.mhlw.go.jp/JinzaiWeb/GICB102030.do?screenId=GICB102030&action=detail&detkey_Detail=01-%E3%83%A6-300412%2C0+++++,data/raw/mhlw/detail-0036-01_ユ_300412.html,https://jinzai.hellowork.mhlw.go.jp/JinzaiWeb/GICB102030.do?screenId=GICB102030&action=detail&detkey_Detail=01-%E3%83%A6-300412%2C0+++++,data/raw/mhlw/detail-0036-01_ユ_300412.html,,mhlw_verified
company-81eec7c3,株式会社 ＮＴＴネクシア,https://jinzai.hellowork.mhlw.go.jp/JinzaiWeb/GICB102030.do?screenId=GICB102030&action=detail&detkey_Detail=01-%E3%83%A6-300412%2C2+++++,data/raw/mhlw/detail-0037-01_ユ_300412.html,https://jinzai.hellowork.mhlw.go.jp/JinzaiWeb/GICB102030.do?screenId=GICB102030&action=detail&detkey_Detail=01-%E3%83%A6-300412%2C2+++++,data/raw/mhlw/detail-0037-01_ユ_300412.html,,mhlw_verified
company-bdec1b1d,株式会社 ＮＴＴネクシア,https://jinzai.hellowork.mhlw.go.jp/JinzaiWeb/GICB102030.do?screenId=GICB102030&action=detail&detkey_Detail=01-%E3%83%A6-300412%2C18++++,data/raw/mhlw/detail-0038-01_ユ_300412.html,https://jinzai.hellowork.mhlw.go.jp/JinzaiWeb/GICB102030.do?screenId=GICB102030&action=detail&detkey_Detail=01-%E3%83%A6-300412%2C18++++,data/raw/mhlw/detail-0038-01_ユ_300412.html,,mhlw_verified
company-e93e0b5e,株式会社 Ｍａｍｍｙ Ｐｒｏ,https://jinzai.hellowork.mhlw.go.jp/JinzaiWeb/GICB102030.do?screenId=GICB102030&action=detail&detkey_Detail=01-%E3%83%A6-300415%2C1+++++,data/raw/mhlw/detail-0039-01_ユ_300415.html,https://jinzai.hellowork.mhlw.go.jp/JinzaiWeb/GICB102030.do?screenId=GICB102030&action=detail&detkey_Detail=01-%E3%83%A6-300415%2C1+++++,data/raw/mhlw/detail-0039-01_ユ_300415.html,,mhlw_verified
company-183cda18,小石川 志津加,https://jinzai.hellowork.mhlw.go.jp/JinzaiWeb/GICB102030.do?screenId=GICB102030&action=detail&detkey_Detail=01-%E3%83%A6-300430%2C1+++++,data/raw/mhlw/detail-0040-01_ユ_300430.html,https://jinzai.hellowork.mhlw.go.jp/JinzaiWeb/GICB102030.do?screenId=GICB102030&action=detail&detkey_Detail=01-%E3%83%A6-300430%2C1+++++,data/raw/mhlw/detail-0040-01_ユ_300430.html,,mhlw_verified
company-a190ca12,株式会社 ＨＫＳ ＪＡＰＡＮ,https://jinzai.hellowork.mhlw.go.jp/JinzaiWeb/GICB102030.do?screenId=GICB102030&action=detail&detkey_Detail=01-%E3%83%A6-300436%2C1+++++,data/raw/mhlw/detail-0041-01_ユ_300436.html,https://jinzai.hellowork.mhlw.go.jp/JinzaiWeb/GICB102030.do?screenId=GICB102030&action=detail&detkey_Detail=01-%E3%83%A6-300436%2C1+++++,data/raw/mhlw/detail-0041-01_ユ_300436.html,,mhlw_verified
company-f63f5b74,社会医療法人社団 三草会,https://jinzai.hellowork.mhlw.go.jp/JinzaiWeb/GICB102030.do?screenId=GICB102030&action=detail&detkey_Detail=01-%E3%83%A6-300443%2C1+++++,data/raw/mhlw/detail-0042-01_ユ_300443.html,https://jinzai.hellowork.mhlw.go.jp/JinzaiWeb/GICB102030.do?screenId=GICB102030&action=detail&detkey_Detail=01-%E3%83%A6-300443%2C1+++++,data/raw/mhlw/detail-0042-01_ユ_300443.html,,mhlw_verified
company-e8be14dc,株式会社 サンコー,https://jinzai.hellowork.mhlw.go.jp/JinzaiWeb/GICB102030.do?screenId=GICB102030&action=detail&detkey_Detail=01-%E3%83%A6-300446%2C1+++++,data/raw/mhlw/detail-0043-01_ユ_300446.html,https://jinzai.hellowork.mhlw.go.jp/JinzaiWeb/GICB102030.do?screenId=GICB102030&action=detail&detkey_Detail=01-%E3%83%A6-300446%2C1+++++,data/raw/mhlw/detail-0043-01_ユ_300446.html,,mhlw_verified
company-ff8b1207,株式会社 ＳＰＩ,https://jinzai.hellowork.mhlw.go.jp/JinzaiWeb/GICB102030.do?screenId=GICB102030&action=detail&detkey_Detail=01-%E3%83%A6-300447%2C1+++++,data/raw/mhlw/detail-0044-01_ユ_300447.html,https://jinzai.hellowork.mhlw.go.jp/JinzaiWeb/GICB102030.do?screenId=GICB102030&action=detail&detkey_Detail=01-%E3%83%A6-300447%2C1+++++,data/raw/mhlw/detail-0044-01_ユ_300447.html,,mhlw_verified
company-36e5f022,株式会社 ビツグベン,https://jinzai.hellowork.mhlw.go.jp/JinzaiWeb/GICB102030.do?screenId=GICB102030&action=detail&detkey_Detail=01-%E3%83%A6-300461%2C1+++++,data/raw/mhlw/detail-0045-01_ユ_300461.html,https://jinzai.hellowork.mhlw.go.jp/JinzaiWeb/GICB102030.do?screenId=GICB102030&action=detail&detkey_Detail=01-%E3%83%A6-300461%2C1+++++,data/raw/mhlw/detail-0045-01_ユ_300461.html,,mhlw_verified
company-b0ff65e1,株式会社 ノーステクノロジー,https://jinzai.hellowork.mhlw.go.jp/JinzaiWeb/GICB102030.do?screenId=GICB102030&action=detail&detkey_Detail=01-%E3%83%A6-300472%2C1+++++,data/raw/mhlw/detail-0046-01_ユ_300472.html,https://jinzai.hellowork.mhlw.go.jp/JinzaiWeb/GICB102030.do?screenId=GICB102030&action=detail&detkey_Detail=01-%E3%83%A6-300472%2C1+++++,data/raw/mhlw/detail-0046-01_ユ_300472.html,,mhlw_verified
company-f2ec46a8,合通プラス 株式会社,https://jinzai.hellowork.mhlw.go.jp/JinzaiWeb/GICB102030.do?screenId=GICB102030&action=detail&detkey_Detail=01-%E3%83%A6-300476%2C1+++++,data/raw/mhlw/detail-0047-01_ユ_300476.html,https://jinzai.hellowork.mhlw.go.jp/JinzaiWeb/GICB102030.do?screenId=GICB102030&action=detail&detkey_Detail=01-%E3%83%A6-300476%2C1+++++,data/raw/mhlw/detail-0047-01_ユ_300476.html,,mhlw_verified
company-26b23460,株式会社 サクライサービス,https://jinzai.hellowork.mhlw.go.jp/JinzaiWeb/GICB102030.do?screenId=GICB102030&action=detail&detkey_Detail=01-%E3%83%A6-300483%2C1+++++,data/raw/mhlw/detail-0048-01_ユ_300483.html,https://jinzai.hellowork.mhlw.go.jp/JinzaiWeb/GICB102030.do?screenId=GICB102030&action=detail&detkey_Detail=01-%E3%83%A6-300483%2C1+++++,data/raw/mhlw/detail-0048-01_ユ_300483.html,,mhlw_verified
company-02bd96ba,株式会社 ドリームサポート,https://jinzai.hellowork.mhlw.go.jp/JinzaiWeb/GICB102030.do?screenId=GICB102030&action=detail&detkey_Detail=01-%E3%83%A6-300502%2C1+++++,data/raw/mhlw/detail-0049-01_ユ_300502.html,https://jinzai.hellowork.mhlw.go.jp/JinzaiWeb/GICB102030.do?screenId=GICB102030&action=detail&detkey_Detail=01-%E3%83%A6-300502%2C1+++++,data/raw/mhlw/detail-0049-01_ユ_300502.html,,mhlw_verified
company-5d765acd,有限会社 コミュニティ,https://jinzai.hellowork.mhlw.go.jp/JinzaiWeb/GICB102030.do?screenId=GICB102030&action=detail&detkey_Detail=01-%E3%83%A6-300520%2C1+++++,data/raw/mhlw/detail-0050-01_ユ_300520.html,https://jinzai.hellowork.mhlw.go.jp/JinzaiWeb/GICB102030.do?screenId=GICB102030&action=detail&detkey_Detail=01-%E3%83%A6-300520%2C1+++++,data/raw/mhlw/detail-0050-01_ユ_300520.html,,mhlw_verified
company-3620cec6,株式会社 １３１,https://jinzai.hellowork.mhlw.go.jp/JinzaiWeb/GICB102030.do?screenId=GICB102030&action=detail&detkey_Detail=01-%E3%83%A6-300530%2C1+++++,data/raw/mhlw/detail-0051-01_ユ_300530.html,https://jinzai.hellowork.mhlw.go.jp/JinzaiWeb/GICB102030.do?screenId=GICB102030&action=detail&detkey_Detail=01-%E3%83%A6-300530%2C1+++++,data/raw/mhlw/detail-0051-01_ユ_300530.html,,mhlw_verified
company-5a4c7851,エイトカラーファームズ 株式会社,https://jinzai.hellowork.mhlw.go.jp/JinzaiWeb/GICB102030.do?screenId=GICB102030&action=detail&detkey_Detail=01-%E3%83%A6-300532%2C1+++++,data/raw/mhlw/detail-0052-01_ユ_300532.html,https://jinzai.hellowork.mhlw.go.jp/JinzaiWeb/GICB102030.do?screenId=GICB102030&action=detail&detkey_Detail=01-%E3%83%A6-300532%2C1+++++,data/raw/mhlw/detail-0052-01_ユ_300532.html,,mhlw_verified
company-9cd356d0,おかげさまカンパニー 株式会社,https://jinzai.hellowork.mhlw.go.jp/JinzaiWeb/GICB102030.do?screenId=GICB102030&action=detail&detkey_Detail=01-%E3%83%A6-300533%2C1+++++,data/raw/mhlw/detail-0053-01_ユ_300533.html,https://jinzai.hellowork.mhlw.go.jp/JinzaiWeb/GICB102030.do?screenId=GICB102030&action=detail&detkey_Detail=01-%E3%83%A6-300533%2C1+++++,data/raw/mhlw/detail-0053-01_ユ_300533.html,,mhlw_verified
company-c86446a0,千歳相互観光バス 株式会社,https://jinzai.hellowork.mhlw.go.jp/JinzaiWeb/GICB102030.do?screenId=GICB102030&action=detail&detkey_Detail=01-%E3%83%A6-300543%2C1+++++,data/raw/mhlw/detail-0054-01_ユ_300543.html,https://jinzai.hellowork.mhlw.go.jp/JinzaiWeb/GICB102030.do?screenId=GICB102030&action=detail&detkey_Detail=01-%E3%83%A6-300543%2C1+++++,data/raw/mhlw/detail-0054-01_ユ_300543.html,,mhlw_verified
company-2dc50941,特定非営利活動法人 北海道ＮＰＯサポートセンター,https://jinzai.hellowork.mhlw.go.jp/JinzaiWeb/GICB102030.do?screenId=GICB102030&action=detail&detkey_Detail=01-%E3%83%A6-300547%2C1+++++,data/raw/mhlw/detail-0055-01_ユ_300547.html,https://jinzai.hellowork.mhlw.go.jp/JinzaiWeb/GICB102030.do?screenId=GICB102030&action=detail&detkey_Detail=01-%E3%83%A6-300547%2C1+++++,data/raw/mhlw/detail-0055-01_ユ_300547.html,,mhlw_verified
company-4a4935ac,株式会社ＭＩＫ,https://jinzai.hellowork.mhlw.go.jp/JinzaiWeb/GICB102030.do?screenId=GICB102030&action=detail&detkey_Detail=01-%E3%83%A6-300554%2C1+++++,data/raw/mhlw/detail-0056-01_ユ_300554.html,https://jinzai.hellowork.mhlw.go.jp/JinzaiWeb/GICB102030.do?screenId=GICB102030&action=detail&detkey_Detail=01-%E3%83%A6-300554%2C1+++++,data/raw/mhlw/detail-0056-01_ユ_300554.html,,mhlw_verified
company-fda78e37,株式会社 ガロード,https://jinzai.hellowork.mhlw.go.jp/JinzaiWeb/GICB102030.do?screenId=GICB102030&action=detail&detkey_Detail=01-%E3%83%A6-300555%2C1+++++,data/raw/mhlw/detail-0057-01_ユ_300555.html,https://jinzai.hellowork.mhlw.go.jp/JinzaiWeb/GICB102030.do?screenId=GICB102030&action=detail&detkey_Detail=01-%E3%83%A6-300555%2C1+++++,data/raw/mhlw/detail-0057-01_ユ_300555.html,,mhlw_verified
company-57e0da4d,株式会社 ドリーム,https://jinzai.hellowork.mhlw.go.jp/JinzaiWeb/GICB102030.do?screenId=GICB102030&action=detail&detkey_Detail=01-%E3%83%A6-300564%2C1+++++,data/raw/mhlw/detail-0058-01_ユ_300564.html,https://jinzai.hellowork.mhlw.go.jp/JinzaiWeb/GICB102030.do?screenId=GICB102030&action=detail&detkey_Detail=01-%E3%83%A6-300564%2C1+++++,data/raw/mhlw/detail-0058-01_ユ_300564.html,,mhlw_verified
company-f98f87c1,北日本産業 株式会社,https://jinzai.hellowork.mhlw.go.jp/JinzaiWeb/GICB102030.do?screenId=GICB102030&action=detail&detkey_Detail=01-%E3%83%A6-300569%2C1+++++,data/raw/mhlw/detail-0059-01_ユ_300569.html,https://jinzai.hellowork.mhlw.go.jp/JinzaiWeb/GICB102030.do?screenId=GICB102030&action=detail&detkey_Detail=01-%E3%83%A6-300569%2C1+++++,data/raw/mhlw/detail-0059-01_ユ_300569.html,,mhlw_verified
company-b67942cb,フロンティアパートナーＦＡＳ 株式会社,https://jinzai.hellowork.mhlw.go.jp/JinzaiWeb/GICB102030.do?screenId=GICB102030&action=detail&detkey_Detail=01-%E3%83%A6-300570%2C1+++++,data/raw/mhlw/detail-0060-01_ユ_300570.html,https://jinzai.hellowork.mhlw.go.jp/JinzaiWeb/GICB102030.do?screenId=GICB102030&action=detail&detkey_Detail=01-%E3%83%A6-300570%2C1+++++,data/raw/mhlw/detail-0060-01_ユ_300570.html,,mhlw_verified
company-8e30d72a,株式会社 池内システムサービス,https://jinzai.hellowork.mhlw.go.jp/JinzaiWeb/GICB102030.do?screenId=GICB102030&action=detail&detkey_Detail=01-%E3%83%A6-300581%2C1+++++,data/raw/mhlw/detail-0061-01_ユ_300581.html,https://jinzai.hellowork.mhlw.go.jp/JinzaiWeb/GICB102030.do?screenId=GICB102030&action=detail&detkey_Detail=01-%E3%83%A6-300581%2C1+++++,data/raw/mhlw/detail-0061-01_ユ_300581.html,,mhlw_verified
company-d673e07a,株式会社 トーホーエンジニアリング,https://jinzai.hellowork.mhlw.go.jp/JinzaiWeb/GICB102030.do?screenId=GICB102030&action=detail&detkey_Detail=01-%E3%83%A6-300590%2C1+++++,data/raw/mhlw/detail-0062-01_ユ_300590.html,https://jinzai.hellowork.mhlw.go.jp/JinzaiWeb/GICB102030.do?screenId=GICB102030&action=detail&detkey_Detail=01-%E3%83%A6-300590%2C1+++++,data/raw/mhlw/detail-0062-01_ユ_300590.html,,mhlw_verified
company-6f9ee6f7,株式会社 ｋａｎｐｒｏ‐ｗｏｒｋ,https://jinzai.hellowork.mhlw.go.jp/JinzaiWeb/GICB102030.do?screenId=GICB102030&action=detail&detkey_Detail=01-%E3%83%A6-300591%2C1+++++,data/raw/mhlw/detail-0063-01_ユ_300591.html,https://jinzai.hellowork.mhlw.go.jp/JinzaiWeb/GICB102030.do?screenId=GICB102030&action=detail&detkey_Detail=01-%E3%83%A6-300591%2C1+++++,data/raw/mhlw/detail-0063-01_ユ_300591.html,,mhlw_verified
company-307b6ad9,株式会社 かんだ,https://jinzai.hellowork.mhlw.go.jp/JinzaiWeb/GICB102030.do?screenId=GICB102030&action=detail&detkey_Detail=01-%E3%83%A6-300602%2C1+++++,data/raw/mhlw/detail-0064-01_ユ_300602.html,https://jinzai.hellowork.mhlw.go.jp/JinzaiWeb/GICB102030.do?screenId=GICB102030&action=detail&detkey_Detail=01-%E3%83%A6-300602%2C1+++++,data/raw/mhlw/detail-0064-01_ユ_300602.html,,mhlw_verified
company-3ef9383d,坂口 眞一,https://jinzai.hellowork.mhlw.go.jp/JinzaiWeb/GICB102030.do?screenId=GICB102030&action=detail&detkey_Detail=01-%E3%83%A6-300605%2C1+++++,data/raw/mhlw/detail-0065-01_ユ_300605.html,https://jinzai.hellowork.mhlw.go.jp/JinzaiWeb/GICB102030.do?screenId=GICB102030&action=detail&detkey_Detail=01-%E3%83%A6-300605%2C1+++++,data/raw/mhlw/detail-0065-01_ユ_300605.html,,mhlw_verified
company-1feaf1c3,株式会社 エス・イー・ジャパン,https://jinzai.hellowork.mhlw.go.jp/JinzaiWeb/GICB102030.do?screenId=GICB102030&action=detail&detkey_Detail=01-%E3%83%A6-300607%2C1+++++,data/raw/mhlw/detail-0066-01_ユ_300607.html,https://jinzai.hellowork.mhlw.go.jp/JinzaiWeb/GICB102030.do?screenId=GICB102030&action=detail&detkey_Detail=01-%E3%83%A6-300607%2C1+++++,data/raw/mhlw/detail-0066-01_ユ_300607.html,,mhlw_verified
company-b2f6580c,株式会社 ギヤサポート,https://jinzai.hellowork.mhlw.go.jp/JinzaiWeb/GICB102030.do?screenId=GICB102030&action=detail&detkey_Detail=01-%E3%83%A6-300621%2C1+++++,data/raw/mhlw/detail-0067-01_ユ_300621.html,https://jinzai.hellowork.mhlw.go.jp/JinzaiWeb/GICB102030.do?screenId=GICB102030&action=detail&detkey_Detail=01-%E3%83%A6-300621%2C1+++++,data/raw/mhlw/detail-0067-01_ユ_300621.html,,mhlw_verified
company-9ff1c8b1,株式会社 ミュートネット,https://jinzai.hellowork.mhlw.go.jp/JinzaiWeb/GICB102030.do?screenId=GICB102030&action=detail&detkey_Detail=01-%E3%83%A6-300639%2C1+++++,data/raw/mhlw/detail-0068-01_ユ_300639.html,https://jinzai.hellowork.mhlw.go.jp/JinzaiWeb/GICB102030.do?screenId=GICB102030&action=detail&detkey_Detail=01-%E3%83%A6-300639%2C1+++++,data/raw/mhlw/detail-0068-01_ユ_300639.html,,mhlw_verified
company-df28e5dc,株式会社 一寸房,https://jinzai.hellowork.mhlw.go.jp/JinzaiWeb/GICB102030.do?screenId=GICB102030&action=detail&detkey_Detail=01-%E3%83%A6-300641%2C1+++++,data/raw/mhlw/detail-0069-01_ユ_300641.html,https://jinzai.hellowork.mhlw.go.jp/JinzaiWeb/GICB102030.do?screenId=GICB102030&action=detail&detkey_Detail=01-%E3%83%A6-300641%2C1+++++,data/raw/mhlw/detail-0069-01_ユ_300641.html,,mhlw_verified
company-35deb070,株式会社 Ｓ．Ｉ．Ｃ,https://jinzai.hellowork.mhlw.go.jp/JinzaiWeb/GICB102030.do?screenId=GICB102030&action=detail&detkey_Detail=01-%E3%83%A6-300642%2C1+++++,data/raw/mhlw/detail-0070-01_ユ_300642.html,https://jinzai.hellowork.mhlw.go.jp/JinzaiWeb/GICB102030.do?screenId=GICB102030&action=detail&detkey_Detail=01-%E3%83%A6-300642%2C1+++++,data/raw/mhlw/detail-0070-01_ユ_300642.html,,mhlw_verified
company-27caec90,荒井 輝夫,https://jinzai.hellowork.mhlw.go.jp/JinzaiWeb/GICB102030.do?screenId=GICB102030&action=detail&detkey_Detail=01-%E3%83%A6-300655%2C1+++++,data/raw/mhlw/detail-0071-01_ユ_300655.html,https://jinzai.hellowork.mhlw.go.jp/JinzaiWeb/GICB102030.do?screenId=GICB102030&action=detail&detkey_Detail=01-%E3%83%A6-300655%2C1+++++,data/raw/mhlw/detail-0071-01_ユ_300655.html,,mhlw_verified
company-fcf7fbfb,株式会社 キャリアパートナー,https://jinzai.hellowork.mhlw.go.jp/JinzaiWeb/GICB102030.do?screenId=GICB102030&action=detail&detkey_Detail=01-%E3%83%A6-300665%2C1+++++,data/raw/mhlw/detail-0072-01_ユ_300665.html,https://jinzai.hellowork.mhlw.go.jp/JinzaiWeb/GICB102030.do?screenId=GICB102030&action=detail&detkey_Detail=01-%E3%83%A6-300665%2C1+++++,data/raw/mhlw/detail-0072-01_ユ_300665.html,,mhlw_verified
company-7d3127c6,株式会社 コミュニティーワークス,https://jinzai.hellowork.mhlw.go.jp/JinzaiWeb/GICB102030.do?screenId=GICB102030&action=detail&detkey_Detail=01-%E3%83%A6-300669%2C1+++++,data/raw/mhlw/detail-0073-01_ユ_300669.html,https://jinzai.hellowork.mhlw.go.jp/JinzaiWeb/GICB102030.do?screenId=GICB102030&action=detail&detkey_Detail=01-%E3%83%A6-300669%2C1+++++,data/raw/mhlw/detail-0073-01_ユ_300669.html,,mhlw_verified
company-59edd624,株式会社 ＬＥＡＦ,https://jinzai.hellowork.mhlw.go.jp/JinzaiWeb/GICB102030.do?screenId=GICB102030&action=detail&detkey_Detail=01-%E3%83%A6-300674%2C1+++++,data/raw/mhlw/detail-0074-01_ユ_300674.html,https://jinzai.hellowork.mhlw.go.jp/JinzaiWeb/GICB102030.do?screenId=GICB102030&action=detail&detkey_Detail=01-%E3%83%A6-300674%2C1+++++,data/raw/mhlw/detail-0074-01_ユ_300674.html,,mhlw_verified
company-02b088cf,株式会社 ノースモバイル,https://jinzai.hellowork.mhlw.go.jp/JinzaiWeb/GICB102030.do?screenId=GICB102030&action=detail&detkey_Detail=01-%E3%83%A6-300677%2C1+++++,data/raw/mhlw/detail-0075-01_ユ_300677.html,https://jinzai.hellowork.mhlw.go.jp/JinzaiWeb/GICB102030.do?screenId=GICB102030&action=detail&detkey_Detail=01-%E3%83%A6-300677%2C1+++++,data/raw/mhlw/detail-0075-01_ユ_300677.html,,mhlw_verified
company-45e3306d,株式会社 オガワヤ,https://jinzai.hellowork.mhlw.go.jp/JinzaiWeb/GICB102030.do?screenId=GICB102030&action=detail&detkey_Detail=01-%E3%83%A6-300680%2C1+++++,data/raw/mhlw/detail-0076-01_ユ_300680.html,https://jinzai.hellowork.mhlw.go.jp/JinzaiWeb/GICB102030.do?screenId=GICB102030&action=detail&detkey_Detail=01-%E3%83%A6-300680%2C1+++++,data/raw/mhlw/detail-0076-01_ユ_300680.html,,mhlw_verified
company-f7027ed6,Ｎ＆ｓｔａｒ 合同会社,https://jinzai.hellowork.mhlw.go.jp/JinzaiWeb/GICB102030.do?screenId=GICB102030&action=detail&detkey_Detail=01-%E3%83%A6-300690%2C1+++++,data/raw/mhlw/detail-0077-01_ユ_300690.html,https://jinzai.hellowork.mhlw.go.jp/JinzaiWeb/GICB102030.do?screenId=GICB102030&action=detail&detkey_Detail=01-%E3%83%A6-300690%2C1+++++,data/raw/mhlw/detail-0077-01_ユ_300690.html,,mhlw_verified
company-c0314bce,株式会社 ＹＮＳトラスト,https://jinzai.hellowork.mhlw.go.jp/JinzaiWeb/GICB102030.do?screenId=GICB102030&action=detail&detkey_Detail=01-%E3%83%A6-300705%2C1+++++,data/raw/mhlw/detail-0078-01_ユ_300705.html,https://jinzai.hellowork.mhlw.go.jp/JinzaiWeb/GICB102030.do?screenId=GICB102030&action=detail&detkey_Detail=01-%E3%83%A6-300705%2C1+++++,data/raw/mhlw/detail-0078-01_ユ_300705.html,,mhlw_verified
company-33e2bcc5,名美興業 株式会社,https://jinzai.hellowork.mhlw.go.jp/JinzaiWeb/GICB102030.do?screenId=GICB102030&action=detail&detkey_Detail=01-%E3%83%A6-300740%2C1+++++,data/raw/mhlw/detail-0079-01_ユ_300740.html,https://jinzai.hellowork.mhlw.go.jp/JinzaiWeb/GICB102030.do?screenId=GICB102030&action=detail&detkey_Detail=01-%E3%83%A6-300740%2C1+++++,data/raw/mhlw/detail-0079-01_ユ_300740.html,,mhlw_verified
company-dff4f12e,鈴蘭ビルサービス 株式会社,https://jinzai.hellowork.mhlw.go.jp/JinzaiWeb/GICB102030.do?screenId=GICB102030&action=detail&detkey_Detail=01-%E3%83%A6-300741%2C1+++++,data/raw/mhlw/detail-0080-01_ユ_300741.html,https://jinzai.hellowork.mhlw.go.jp/JinzaiWeb/GICB102030.do?screenId=GICB102030&action=detail&detkey_Detail=01-%E3%83%A6-300741%2C1+++++,data/raw/mhlw/detail-0080-01_ユ_300741.html,,mhlw_verified
company-301b26e5,北海道農業協同組合中央会,https://jinzai.hellowork.mhlw.go.jp/JinzaiWeb/GICB102030.do?screenId=GICB102030&action=detail&detkey_Detail=01-%E3%83%A6-300747%2C1+++++,data/raw/mhlw/detail-0081-01_ユ_300747.html,https://jinzai.hellowork.mhlw.go.jp/JinzaiWeb/GICB102030.do?screenId=GICB102030&action=detail&detkey_Detail=01-%E3%83%A6-300747%2C1+++++,data/raw/mhlw/detail-0081-01_ユ_300747.html,,mhlw_verified
company-14c11b56,株式会社 Ｎｏｒｔｈ Ｌｕｃｅ,https://jinzai.hellowork.mhlw.go.jp/JinzaiWeb/GICB102030.do?screenId=GICB102030&action=detail&detkey_Detail=01-%E3%83%A6-300752%2C1+++++,data/raw/mhlw/detail-0082-01_ユ_300752.html,https://jinzai.hellowork.mhlw.go.jp/JinzaiWeb/GICB102030.do?screenId=GICB102030&action=detail&detkey_Detail=01-%E3%83%A6-300752%2C1+++++,data/raw/mhlw/detail-0082-01_ユ_300752.html,,mhlw_verified
company-4e05c1b4,学校法人 北工学園,https://jinzai.hellowork.mhlw.go.jp/JinzaiWeb/GICB102030.do?screenId=GICB102030&action=detail&detkey_Detail=01-%E3%83%A6-300753%2C1+++++,data/raw/mhlw/detail-0083-01_ユ_300753.html,https://jinzai.hellowork.mhlw.go.jp/JinzaiWeb/GICB102030.do?screenId=GICB102030&action=detail&detkey_Detail=01-%E3%83%A6-300753%2C1+++++,data/raw/mhlw/detail-0083-01_ユ_300753.html,,mhlw_verified
company-218489b5,株式会社 セキュアスタッフ,https://jinzai.hellowork.mhlw.go.jp/JinzaiWeb/GICB102030.do?screenId=GICB102030&action=detail&detkey_Detail=01-%E3%83%A6-300758%2C1+++++,data/raw/mhlw/detail-0084-01_ユ_300758.html,https://jinzai.hellowork.mhlw.go.jp/JinzaiWeb/GICB102030.do?screenId=GICB102030&action=detail&detkey_Detail=01-%E3%83%A6-300758%2C1+++++,data/raw/mhlw/detail-0084-01_ユ_300758.html,,mhlw_verified
company-164148f7,一般社団法人 国際人材育成支援協会,https://jinzai.hellowork.mhlw.go.jp/JinzaiWeb/GICB102030.do?screenId=GICB102030&action=detail&detkey_Detail=01-%E3%83%A6-300771%2C1+++++,data/raw/mhlw/detail-0085-01_ユ_300771.html,https://jinzai.hellowork.mhlw.go.jp/JinzaiWeb/GICB102030.do?screenId=GICB102030&action=detail&detkey_Detail=01-%E3%83%A6-300771%2C1+++++,data/raw/mhlw/detail-0085-01_ユ_300771.html,,mhlw_verified
company-ba265401,Ｆｏｒｃｅ Ｌｉｎｋ Ｎｅｘｔ 株式会社,https://jinzai.hellowork.mhlw.go.jp/JinzaiWeb/GICB102030.do?screenId=GICB102030&action=detail&detkey_Detail=01-%E3%83%A6-300784%2C1+++++,data/raw/mhlw/detail-0086-01_ユ_300784.html,https://jinzai.hellowork.mhlw.go.jp/JinzaiWeb/GICB102030.do?screenId=GICB102030&action=detail&detkey_Detail=01-%E3%83%A6-300784%2C1+++++,data/raw/mhlw/detail-0086-01_ユ_300784.html,,mhlw_verified
company-aaa6bcc1,株式会社 Ａｕｂｕ,https://jinzai.hellowork.mhlw.go.jp/JinzaiWeb/GICB102030.do?screenId=GICB102030&action=detail&detkey_Detail=01-%E3%83%A6-300786%2C1+++++,data/raw/mhlw/detail-0087-01_ユ_300786.html,https://jinzai.hellowork.mhlw.go.jp/JinzaiWeb/GICB102030.do?screenId=GICB102030&action=detail&detkey_Detail=01-%E3%83%A6-300786%2C1+++++,data/raw/mhlw/detail-0087-01_ユ_300786.html,,mhlw_verified
company-27981079,株式会社 ＦＡＢ,https://jinzai.hellowork.mhlw.go.jp/JinzaiWeb/GICB102030.do?screenId=GICB102030&action=detail&detkey_Detail=01-%E3%83%A6-300797%2C1+++++,data/raw/mhlw/detail-0088-01_ユ_300797.html,https://jinzai.hellowork.mhlw.go.jp/JinzaiWeb/GICB102030.do?screenId=GICB102030&action=detail&detkey_Detail=01-%E3%83%A6-300797%2C1+++++,data/raw/mhlw/detail-0088-01_ユ_300797.html,,mhlw_verified
company-b34f069c,株式会社 ヒューマンイノベーションラボ,https://jinzai.hellowork.mhlw.go.jp/JinzaiWeb/GICB102030.do?screenId=GICB102030&action=detail&detkey_Detail=01-%E3%83%A6-300821%2C1+++++,data/raw/mhlw/detail-0089-01_ユ_300821.html,https://jinzai.hellowork.mhlw.go.jp/JinzaiWeb/GICB102030.do?screenId=GICB102030&action=detail&detkey_Detail=01-%E3%83%A6-300821%2C1+++++,data/raw/mhlw/detail-0089-01_ユ_300821.html,,mhlw_verified
company-023c0ef7,Ｒトラスト 合同会社,https://jinzai.hellowork.mhlw.go.jp/JinzaiWeb/GICB102030.do?screenId=GICB102030&action=detail&detkey_Detail=01-%E3%83%A6-300831%2C1+++++,data/raw/mhlw/detail-0090-01_ユ_300831.html,https://jinzai.hellowork.mhlw.go.jp/JinzaiWeb/GICB102030.do?screenId=GICB102030&action=detail&detkey_Detail=01-%E3%83%A6-300831%2C1+++++,data/raw/mhlw/detail-0090-01_ユ_300831.html,,mhlw_verified
company-bd87d29e,アミューズメント北海道 株式会社,https://jinzai.hellowork.mhlw.go.jp/JinzaiWeb/GICB102030.do?screenId=GICB102030&action=detail&detkey_Detail=01-%E3%83%A6-300847%2C1+++++,data/raw/mhlw/detail-0091-01_ユ_300847.html,https://jinzai.hellowork.mhlw.go.jp/JinzaiWeb/GICB102030.do?screenId=GICB102030&action=detail&detkey_Detail=01-%E3%83%A6-300847%2C1+++++,data/raw/mhlw/detail-0091-01_ユ_300847.html,,mhlw_verified
company-c288b86a,株式会社 ＪＡＰＡＮ ＱＵＡＬＩＴＹ,https://jinzai.hellowork.mhlw.go.jp/JinzaiWeb/GICB102030.do?screenId=GICB102030&action=detail&detkey_Detail=01-%E3%83%A6-300851%2C1+++++,data/raw/mhlw/detail-0092-01_ユ_300851.html,https://jinzai.hellowork.mhlw.go.jp/JinzaiWeb/GICB102030.do?screenId=GICB102030&action=detail&detkey_Detail=01-%E3%83%A6-300851%2C1+++++,data/raw/mhlw/detail-0092-01_ユ_300851.html,,mhlw_verified
company-028aa873,株式会社 ケイズ,https://jinzai.hellowork.mhlw.go.jp/JinzaiWeb/GICB102030.do?screenId=GICB102030&action=detail&detkey_Detail=01-%E3%83%A6-300863%2C1+++++,data/raw/mhlw/detail-0093-01_ユ_300863.html,https://jinzai.hellowork.mhlw.go.jp/JinzaiWeb/GICB102030.do?screenId=GICB102030&action=detail&detkey_Detail=01-%E3%83%A6-300863%2C1+++++,data/raw/mhlw/detail-0093-01_ユ_300863.html,,mhlw_verified
company-b1d96198,株式会社 チセイ,https://jinzai.hellowork.mhlw.go.jp/JinzaiWeb/GICB102030.do?screenId=GICB102030&action=detail&detkey_Detail=01-%E3%83%A6-300874%2C1+++++,data/raw/mhlw/detail-0094-01_ユ_300874.html,https://jinzai.hellowork.mhlw.go.jp/JinzaiWeb/GICB102030.do?screenId=GICB102030&action=detail&detkey_Detail=01-%E3%83%A6-300874%2C1+++++,data/raw/mhlw/detail-0094-01_ユ_300874.html,,mhlw_verified
company-2986ef04,ＮｅＸ 株式会社,https://jinzai.hellowork.mhlw.go.jp/JinzaiWeb/GICB102030.do?screenId=GICB102030&action=detail&detkey_Detail=01-%E3%83%A6-300876%2C1+++++,data/raw/mhlw/detail-0095-01_ユ_300876.html,https://jinzai.hellowork.mhlw.go.jp/JinzaiWeb/GICB102030.do?screenId=GICB102030&action=detail&detkey_Detail=01-%E3%83%A6-300876%2C1+++++,data/raw/mhlw/detail-0095-01_ユ_300876.html,,mhlw_verified
company-90b06893,札幌駅総合開発 株式会社,https://jinzai.hellowork.mhlw.go.jp/JinzaiWeb/GICB102030.do?screenId=GICB102030&action=detail&detkey_Detail=01-%E3%83%A6-300887%2C1+++++,data/raw/mhlw/detail-0096-01_ユ_300887.html,https://jinzai.hellowork.mhlw.go.jp/JinzaiWeb/GICB102030.do?screenId=GICB102030&action=detail&detkey_Detail=01-%E3%83%A6-300887%2C1+++++,data/raw/mhlw/detail-0096-01_ユ_300887.html,,mhlw_verified
company-7ee661d9,クリニックコンサルティングサービス 株式会社,https://jinzai.hellowork.mhlw.go.jp/JinzaiWeb/GICB102030.do?screenId=GICB102030&action=detail&detkey_Detail=01-%E3%83%A6-300893%2C1+++++,data/raw/mhlw/detail-0097-01_ユ_300893.html,https://jinzai.hellowork.mhlw.go.jp/JinzaiWeb/GICB102030.do?screenId=GICB102030&action=detail&detkey_Detail=01-%E3%83%A6-300893%2C1+++++,data/raw/mhlw/detail-0097-01_ユ_300893.html,,mhlw_verified
company-bf96ef8d,ＫＳコンサル 株式会社,https://jinzai.hellowork.mhlw.go.jp/JinzaiWeb/GICB102030.do?screenId=GICB102030&action=detail&detkey_Detail=01-%E3%83%A6-300899%2C1+++++,data/raw/mhlw/detail-0098-01_ユ_300899.html,https://jinzai.hellowork.mhlw.go.jp/JinzaiWeb/GICB102030.do?screenId=GICB102030&action=detail&detkey_Detail=01-%E3%83%A6-300899%2C1+++++,data/raw/mhlw/detail-0098-01_ユ_300899.html,,mhlw_verified
company-a6ded4a3,ＷＡＧＡＯ 株式会社,https://jinzai.hellowork.mhlw.go.jp/JinzaiWeb/GICB102030.do?screenId=GICB102030&action=detail&detkey_Detail=01-%E3%83%A6-300909%2C1+++++,data/raw/mhlw/detail-0099-01_ユ_300909.html,https://jinzai.hellowork.mhlw.go.jp/JinzaiWeb/GICB102030.do?screenId=GICB102030&action=detail&detkey_Detail=01-%E3%83%A6-300909%2C1+++++,data/raw/mhlw/detail-0099-01_ユ_300909.html,,mhlw_verified
company-9356992b,片山 一幸,https://jinzai.hellowork.mhlw.go.jp/JinzaiWeb/GICB102030.do?screenId=GICB102030&action=detail&detkey_Detail=01-%E3%83%A6-300913%2C1+++++,data/raw/mhlw/detail-0100-01_ユ_300913.html,https://jinzai.hellowork.mhlw.go.jp/JinzaiWeb/GICB102030.do?screenId=GICB102030&action=detail&detkey_Detail=01-%E3%83%A6-300913%2C1+++++,data/raw/mhlw/detail-0100-01_ユ_300913.html,,mhlw_verified
