record_id,company_name,contact_name,title,email,phone,contact_form_url,company_url,source_url,mhlw_source_url,license_number,license_type,city_or_prefecture,specialization,classification,hunter_likelihood,hunter_likelihood_reason,evidence_keywords,verification_status,confidence,source_accessed_at,notes
company-a6ded4a3,ＷＡＧＡＯ 株式会社,,,,011-206-0212,,,https://jinzai.hellowork.mhlw.go.jp/JinzaiWeb/GICB102030.do?screenId=GICB102030&action=detail&detkey_Detail=01-%E3%83%A6-300909%2C1+++++,https://jinzai.hellowork.mhlw.go.jp/JinzaiWeb/GICB102030.do?screenId=GICB102030&action=detail&detkey_Detail=01-%E3%83%A6-300909%2C1+++++,01-ユ-300909,有料職業紹介事業,北海道,全行业,recruitment_agency,low,MHLW only proves a paid occupational placement license; headhunter positioning is not confirmed yet.,有料職業紹介事業; 厚生労働省,mhlw_verified,high,2026-05-22T11:37:50+08:00,Contact phone sourced from MHLW public occupational placement business detail page.
company-9356992b,片山 一幸,,,,090-3890-0365,,,https://jinzai.hellowork.mhlw.go.jp/JinzaiWeb/GICB102030.do?screenId=GICB102030&action=detail&detkey_Detail=01-%E3%83%A6-300913%2C1+++++,https://jinzai.hellowork.mhlw.go.jp/JinzaiWeb/GICB102030.do?screenId=GICB102030&action=detail&detkey_Detail=01-%E3%83%A6-300913%2C1+++++,01-ユ-300913,有料職業紹介事業,北海道,全行业,recruitment_agency,low,MHLW only proves a paid occupational placement license; headhunter positioning is not confirmed yet.,有料職業紹介事業; 厚生労働省,mhlw_verified,high,2026-05-22T11:37:50+08:00,Contact phone sourced from MHLW public occupational placement business detail page.
company-7a0a70ca,株式会社 ＳＨＡＲＥ,,,,011-596-0215,,,https://jinzai.hellowork.mhlw.go.jp/JinzaiWeb/GICB102030.do?screenId=GICB102030&action=detail&detkey_Detail=01-%E3%83%A6-300916%2C1+++++,https://jinzai.hellowork.mhlw.go.jp/JinzaiWeb/GICB102030.do?screenId=GICB102030&action=detail&detkey_Detail=01-%E3%83%A6-300916%2C1+++++,01-ユ-300916,有料職業紹介事業,北海道,全行业,recruitment_agency,low,MHLW only proves a paid occupational placement license; headhunter positioning is not confirmed yet.,有料職業紹介事業; 厚生労働省,mhlw_verified,high,2026-05-22T11:37:50+08:00,Contact phone sourced from MHLW public occupational placement business detail page.
company-9dfbb3db,株式会社 ＭＯＫＡ．,,,,0154-68-4672,,https://www.moka-inc.com,https://jinzai.hellowork.mhlw.go.jp/JinzaiWeb/GICB102030.do?screenId=GICB102030&action=detail&detkey_Detail=01-%E3%83%A6-300919%2C1+++++,https://jinzai.hellowork.mhlw.go.jp/JinzaiWeb/GICB102030.do?screenId=GICB102030&action=detail&detkey_Detail=01-%E3%83%A6-300919%2C1+++++,01-ユ-300919,有料職業紹介事業,北海道,全行业,recruitment_agency,low,MHLW only proves a paid occupational placement license; headhunter positioning is not confirmed yet.,有料職業紹介事業; 厚生労働省,mhlw_verified,high,2026-05-22T11:37:50+08:00,Contact phone sourced from MHLW public occupational placement business detail page.
company-4a827624,浜益特定地域づくり事業協同組合,,,,050-5236-1659,,,https://jinzai.hellowork.mhlw.go.jp/JinzaiWeb/GICB102030.do?screenId=GICB102030&action=detail&detkey_Detail=01-%E3%83%A6-300921%2C1+++++,https://jinzai.hellowork.mhlw.go.jp/JinzaiWeb/GICB102030.do?screenId=GICB102030&action=detail&detkey_Detail=01-%E3%83%A6-300921%2C1+++++,01-ユ-300921,有料職業紹介事業,北海道,全行业,recruitment_agency,low,MHLW only proves a paid occupational placement license; headhunter positioning is not confirmed yet.,有料職業紹介事業; 厚生労働省,mhlw_verified,high,2026-05-22T11:37:50+08:00,Contact phone sourced from MHLW public occupational placement business detail page.
company-717ab93c,アサヒ管財 株式会社,,,,0166-32-1300,,,https://jinzai.hellowork.mhlw.go.jp/JinzaiWeb/GICB102030.do?screenId=GICB102030&action=detail&detkey_Detail=01-%E3%83%A6-300924%2C1+++++,https://jinzai.hellowork.mhlw.go.jp/JinzaiWeb/GICB102030.do?screenId=GICB102030&action=detail&detkey_Detail=01-%E3%83%A6-300924%2C1+++++,01-ユ-300924,有料職業紹介事業,北海道,全行业,recruitment_agency,low,MHLW only proves a paid occupational placement license; headhunter positioning is not confirmed yet.,有料職業紹介事業; 厚生労働省,mhlw_verified,high,2026-05-22T11:37:50+08:00,Contact phone sourced from MHLW public occupational placement business detail page.
company-992d741d,ミャンマーフロンティア 株式会社,,,,0154-22-6775,,,https://jinzai.hellowork.mhlw.go.jp/JinzaiWeb/GICB102030.do?screenId=GICB102030&action=detail&detkey_Detail=01-%E3%83%A6-300929%2C1+++++,https://jinzai.hellowork.mhlw.go.jp/JinzaiWeb/GICB102030.do?screenId=GICB102030&action=detail&detkey_Detail=01-%E3%83%A6-300929%2C1+++++,01-ユ-300929,有料職業紹介事業,北海道,全行业,recruitment_agency,low,MHLW only proves a paid occupational placement license; headhunter positioning is not confirmed yet.,有料職業紹介事業; 厚生労働省,mhlw_verified,high,2026-05-22T11:37:50+08:00,Contact phone sourced from MHLW public occupational placement business detail page.
company-69f50bac,株式会社 ＨＯＴサービス,,,,011-350-7292,,,https://jinzai.hellowork.mhlw.go.jp/JinzaiWeb/GICB102030.do?screenId=GICB102030&action=detail&detkey_Detail=01-%E3%83%A6-300930%2C1+++++,https://jinzai.hellowork.mhlw.go.jp/JinzaiWeb/GICB102030.do?screenId=GICB102030&action=detail&detkey_Detail=01-%E3%83%A6-300930%2C1+++++,01-ユ-300930,有料職業紹介事業,北海道,全行业,recruitment_agency,low,MHLW only proves a paid occupational placement license; headhunter positioning is not confirmed yet.,有料職業紹介事業; 厚生労働省,mhlw_verified,high,2026-05-22T11:37:50+08:00,Contact phone sourced from MHLW public occupational placement business detail page.
company-e8664d18,有限会社 プログレスＡＩ,,,,011-700-1500,,,https://jinzai.hellowork.mhlw.go.jp/JinzaiWeb/GICB102030.do?screenId=GICB102030&action=detail&detkey_Detail=01-%E3%83%A6-300934%2C1+++++,https://jinzai.hellowork.mhlw.go.jp/JinzaiWeb/GICB102030.do?screenId=GICB102030&action=detail&detkey_Detail=01-%E3%83%A6-300934%2C1+++++,01-ユ-300934,有料職業紹介事業,北海道,全行业,recruitment_agency,low,MHLW only proves a paid occupational placement license; headhunter positioning is not confirmed yet.,有料職業紹介事業; 厚生労働省,mhlw_verified,high,2026-05-22T11:37:50+08:00,Contact phone sourced from MHLW public occupational placement business detail page.
company-16438781,合同会社 ドリームヒルズ,,,,080-5425-7282,,,https://jinzai.hellowork.mhlw.go.jp/JinzaiWeb/GICB102030.do?screenId=GICB102030&action=detail&detkey_Detail=01-%E3%83%A6-300935%2C1+++++,https://jinzai.hellowork.mhlw.go.jp/JinzaiWeb/GICB102030.do?screenId=GICB102030&action=detail&detkey_Detail=01-%E3%83%A6-300935%2C1+++++,01-ユ-300935,有料職業紹介事業,北海道,全行业,recruitment_agency,low,MHLW only proves a paid occupational placement license; headhunter positioning is not confirmed yet.,有料職業紹介事業; 厚生労働省,mhlw_verified,high,2026-05-22T11:37:50+08:00,Contact phone sourced from MHLW public occupational placement business detail page.
company-93cb5d1c,公益社団法人北海道シルバー人材センター連合会,,,,011-223-2711,,,https://jinzai.hellowork.mhlw.go.jp/JinzaiWeb/GICB102030.do?screenId=GICB102030&action=detail&detkey_Detail=01-%E3%83%A6-900001%2C1+++++,https://jinzai.hellowork.mhlw.go.jp/JinzaiWeb/GICB102030.do?screenId=GICB102030&action=detail&detkey_Detail=01-%E3%83%A6-900001%2C1+++++,01-ユ-900001,有料職業紹介事業,北海道,全行业,recruitment_agency,low,MHLW only proves a paid occupational placement license; headhunter positioning is not confirmed yet.,有料職業紹介事業; 厚生労働省,mhlw_verified,high,2026-05-22T11:37:50+08:00,Contact phone sourced from MHLW public occupational placement business detail page.
company-5ebd40e9,公益社団法人北海道シルバー人材センター連合会,,,,011-614-2155,,,https://jinzai.hellowork.mhlw.go.jp/JinzaiWeb/GICB102030.do?screenId=GICB102030&action=detail&detkey_Detail=01-%E3%83%A6-900001%2C2+++++,https://jinzai.hellowork.mhlw.go.jp/JinzaiWeb/GICB102030.do?screenId=GICB102030&action=detail&detkey_Detail=01-%E3%83%A6-900001%2C2+++++,01-ユ-900001,有料職業紹介事業,北海道,全行业,recruitment_agency,low,MHLW only proves a paid occupational placement license; headhunter positioning is not confirmed yet.,有料職業紹介事業; 厚生労働省,mhlw_verified,high,2026-05-22T11:37:50+08:00,Contact phone sourced from MHLW public occupational placement business detail page.
company-acdcf527,公益社団法人北海道シルバー人材センター連合会,,,,011-826-3279,,,https://jinzai.hellowork.mhlw.go.jp/JinzaiWeb/GICB102030.do?screenId=GICB102030&action=detail&detkey_Detail=01-%E3%83%A6-900001%2C3+++++,https://jinzai.hellowork.mhlw.go.jp/JinzaiWeb/GICB102030.do?screenId=GICB102030&action=detail&detkey_Detail=01-%E3%83%A6-900001%2C3+++++,01-ユ-900001,有料職業紹介事業,北海道,全行业,recruitment_agency,low,MHLW only proves a paid occupational placement license; headhunter positioning is not confirmed yet.,有料職業紹介事業; 厚生労働省,mhlw_verified,high,2026-05-22T11:37:50+08:00,Contact phone sourced from MHLW public occupational placement business detail page.
company-75ac20a6,公益社団法人北海道シルバー人材センター連合会,,,,011-615-8228,,,https://jinzai.hellowork.mhlw.go.jp/JinzaiWeb/GICB102030.do?screenId=GICB102030&action=detail&detkey_Detail=01-%E3%83%A6-900001%2C4+++++,https://jinzai.hellowork.mhlw.go.jp/JinzaiWeb/GICB102030.do?screenId=GICB102030&action=detail&detkey_Detail=01-%E3%83%A6-900001%2C4+++++,01-ユ-900001,有料職業紹介事業,北海道,全行业,recruitment_agency,low,MHLW only proves a paid occupational placement license; headhunter positioning is not confirmed yet.,有料職業紹介事業; 厚生労働省,mhlw_verified,high,2026-05-22T11:37:50+08:00,Contact phone sourced from MHLW public occupational placement business detail page.
company-21980394,公益社団法人北海道シルバー人材センター連合会,,,,0166-51-1600,,,https://jinzai.hellowork.mhlw.go.jp/JinzaiWeb/GICB102030.do?screenId=GICB102030&action=detail&detkey_Detail=01-%E3%83%A6-900001%2C5+++++,https://jinzai.hellowork.mhlw.go.jp/JinzaiWeb/GICB102030.do?screenId=GICB102030&action=detail&detkey_Detail=01-%E3%83%A6-900001%2C5+++++,01-ユ-900001,有料職業紹介事業,北海道,全行业,recruitment_agency,low,MHLW only proves a paid occupational placement license; headhunter positioning is not confirmed yet.,有料職業紹介事業; 厚生労働省,mhlw_verified,high,2026-05-22T11:37:50+08:00,Contact phone sourced from MHLW public occupational placement business detail page.
company-6ba927b1,公益社団法人北海道シルバー人材センター連合会,,,,0138-26-3555,,,https://jinzai.hellowork.mhlw.go.jp/JinzaiWeb/GICB102030.do?screenId=GICB102030&action=detail&detkey_Detail=01-%E3%83%A6-900001%2C6+++++,https://jinzai.hellowork.mhlw.go.jp/JinzaiWeb/GICB102030.do?screenId=GICB102030&action=detail&detkey_Detail=01-%E3%83%A6-900001%2C6+++++,01-ユ-900001,有料職業紹介事業,北海道,全行业,recruitment_agency,low,MHLW only proves a paid occupational placement license; headhunter positioning is not confirmed yet.,有料職業紹介事業; 厚生労働省,mhlw_verified,high,2026-05-22T11:37:50+08:00,Contact phone sourced from MHLW public occupational placement business detail page.
company-4cb66993,公益社団法人北海道シルバー人材センター連合会,,,,0143-45-8155,,,https://jinzai.hellowork.mhlw.go.jp/JinzaiWeb/GICB102030.do?screenId=GICB102030&action=detail&detkey_Detail=01-%E3%83%A6-900001%2C7+++++,https://jinzai.hellowork.mhlw.go.jp/JinzaiWeb/GICB102030.do?screenId=GICB102030&action=detail&detkey_Detail=01-%E3%83%A6-900001%2C7+++++,01-ユ-900001,有料職業紹介事業,北海道,全行业,recruitment_agency,low,MHLW only proves a paid occupational placement license; headhunter positioning is not confirmed yet.,有料職業紹介事業; 厚生労働省,mhlw_verified,high,2026-05-22T11:37:50+08:00,Contact phone sourced from MHLW public occupational placement business detail page.
company-abe068b1,公益社団法人北海道シルバー人材センター連合会,,,,0134-33-9850,,,https://jinzai.hellowork.mhlw.go.jp/JinzaiWeb/GICB102030.do?screenId=GICB102030&action=detail&detkey_Detail=01-%E3%83%A6-900001%2C8+++++,https://jinzai.hellowork.mhlw.go.jp/JinzaiWeb/GICB102030.do?screenId=GICB102030&action=detail&detkey_Detail=01-%E3%83%A6-900001%2C8+++++,01-ユ-900001,有料職業紹介事業,北海道,全行业,recruitment_agency,low,MHLW only proves a paid occupational placement license; headhunter positioning is not confirmed yet.,有料職業紹介事業; 厚生労働省,mhlw_verified,high,2026-05-22T11:37:50+08:00,Contact phone sourced from MHLW public occupational placement business detail page.
company-c42aa42b,公益社団法人北海道シルバー人材センター連合会,,,,011-384-3771,,,https://jinzai.hellowork.mhlw.go.jp/JinzaiWeb/GICB102030.do?screenId=GICB102030&action=detail&detkey_Detail=01-%E3%83%A6-900001%2C9+++++,https://jinzai.hellowork.mhlw.go.jp/JinzaiWeb/GICB102030.do?screenId=GICB102030&action=detail&detkey_Detail=01-%E3%83%A6-900001%2C9+++++,01-ユ-900001,有料職業紹介事業,北海道,全行业,recruitment_agency,low,MHLW only proves a paid occupational placement license; headhunter positioning is not confirmed yet.,有料職業紹介事業; 厚生労働省,mhlw_verified,high,2026-05-22T11:37:50+08:00,Contact phone sourced from MHLW public occupational placement business detail page.
company-161a7c31,公益社団法人北海道シルバー人材センター連合会,,,,0123-26-2277,,,https://jinzai.hellowork.mhlw.go.jp/JinzaiWeb/GICB102030.do?screenId=GICB102030&action=detail&detkey_Detail=01-%E3%83%A6-900001%2C10++++,https://jinzai.hellowork.mhlw.go.jp/JinzaiWeb/GICB102030.do?screenId=GICB102030&action=detail&detkey_Detail=01-%E3%83%A6-900001%2C10++++,01-ユ-900001,有料職業紹介事業,北海道,全行业,recruitment_agency,low,MHLW only proves a paid occupational placement license; headhunter positioning is not confirmed yet.,有料職業紹介事業; 厚生労働省,mhlw_verified,high,2026-05-22T11:37:50+08:00,Contact phone sourced from MHLW public occupational placement business detail page.
company-238073d6,公益社団法人北海道シルバー人材センター連合会,,,,0144-35-1700,,,https://jinzai.hellowork.mhlw.go.jp/JinzaiWeb/GICB102030.do?screenId=GICB102030&action=detail&detkey_Detail=01-%E3%83%A6-900001%2C11++++,https://jinzai.hellowork.mhlw.go.jp/JinzaiWeb/GICB102030.do?screenId=GICB102030&action=detail&detkey_Detail=01-%E3%83%A6-900001%2C11++++,01-ユ-900001,有料職業紹介事業,北海道,全行业,recruitment_agency,low,MHLW only proves a paid occupational placement license; headhunter positioning is not confirmed yet.,有料職業紹介事業; 厚生労働省,mhlw_verified,high,2026-05-22T11:37:50+08:00,Contact phone sourced from MHLW public occupational placement business detail page.
company-7f246c5b,公益社団法人北海道シルバー人材センター連合会,,,,0125-23-4759,,,https://jinzai.hellowork.mhlw.go.jp/JinzaiWeb/GICB102030.do?screenId=GICB102030&action=detail&detkey_Detail=01-%E3%83%A6-900001%2C12++++,https://jinzai.hellowork.mhlw.go.jp/JinzaiWeb/GICB102030.do?screenId=GICB102030&action=detail&detkey_Detail=01-%E3%83%A6-900001%2C12++++,01-ユ-900001,有料職業紹介事業,北海道,全行业,recruitment_agency,low,MHLW only proves a paid occupational placement license; headhunter positioning is not confirmed yet.,有料職業紹介事業; 厚生労働省,mhlw_verified,high,2026-05-22T11:37:50+08:00,Contact phone sourced from MHLW public occupational placement business detail page.
company-0e94a7c7,公益社団法人北海道シルバー人材センター連合会,,,,0155-38-2001,,,https://jinzai.hellowork.mhlw.go.jp/JinzaiWeb/GICB102030.do?screenId=GICB102030&action=detail&detkey_Detail=01-%E3%83%A6-900001%2C13++++,https://jinzai.hellowork.mhlw.go.jp/JinzaiWeb/GICB102030.do?screenId=GICB102030&action=detail&detkey_Detail=01-%E3%83%A6-900001%2C13++++,01-ユ-900001,有料職業紹介事業,北海道,全行业,recruitment_agency,low,MHLW only proves a paid occupational placement license; headhunter positioning is not confirmed yet.,有料職業紹介事業; 厚生労働省,mhlw_verified,high,2026-05-22T11:37:50+08:00,Contact phone sourced from MHLW public occupational placement business detail page.
company-f4b13c9a,公益社団法人北海道シルバー人材センター連合会,,,,0157-23-6000,,,https://jinzai.hellowork.mhlw.go.jp/JinzaiWeb/GICB102030.do?screenId=GICB102030&action=detail&detkey_Detail=01-%E3%83%A6-900001%2C14++++,https://jinzai.hellowork.mhlw.go.jp/JinzaiWeb/GICB102030.do?screenId=GICB102030&action=detail&detkey_Detail=01-%E3%83%A6-900001%2C14++++,01-ユ-900001,有料職業紹介事業,北海道,全行业,recruitment_agency,low,MHLW only proves a paid occupational placement license; headhunter positioning is not confirmed yet.,有料職業紹介事業; 厚生労働省,mhlw_verified,high,2026-05-22T11:37:50+08:00,Contact phone sourced from MHLW public occupational placement business detail page.
company-9ee52e15,公益社団法人北海道シルバー人材センター連合会,,,,0154-44-5755,,,https://jinzai.hellowork.mhlw.go.jp/JinzaiWeb/GICB102030.do?screenId=GICB102030&action=detail&detkey_Detail=01-%E3%83%A6-900001%2C15++++,https://jinzai.hellowork.mhlw.go.jp/JinzaiWeb/GICB102030.do?screenId=GICB102030&action=detail&detkey_Detail=01-%E3%83%A6-900001%2C15++++,01-ユ-900001,有料職業紹介事業,北海道,全行业,recruitment_agency,low,MHLW only proves a paid occupational placement license; headhunter positioning is not confirmed yet.,有料職業紹介事業; 厚生労働省,mhlw_verified,high,2026-05-22T11:37:50+08:00,Contact phone sourced from MHLW public occupational placement business detail page.
company-1cf59442,公益社団法人北海道シルバー人材センター連合会,,,,011-373-6763,,,https://jinzai.hellowork.mhlw.go.jp/JinzaiWeb/GICB102030.do?screenId=GICB102030&action=detail&detkey_Detail=01-%E3%83%A6-900001%2C16++++,https://jinzai.hellowork.mhlw.go.jp/JinzaiWeb/GICB102030.do?screenId=GICB102030&action=detail&detkey_Detail=01-%E3%83%A6-900001%2C16++++,01-ユ-900001,有料職業紹介事業,北海道,全行业,recruitment_agency,low,MHLW only proves a paid occupational placement license; headhunter positioning is not confirmed yet.,有料職業紹介事業; 厚生労働省,mhlw_verified,high,2026-05-22T11:37:50+08:00,Contact phone sourced from MHLW public occupational placement business detail page.
company-9ca045d1,公益社団法人北海道シルバー人材センター連合会,,,,0123-34-0311,,,https://jinzai.hellowork.mhlw.go.jp/JinzaiWeb/GICB102030.do?screenId=GICB102030&action=detail&detkey_Detail=01-%E3%83%A6-900001%2C17++++,https://jinzai.hellowork.mhlw.go.jp/JinzaiWeb/GICB102030.do?screenId=GICB102030&action=detail&detkey_Detail=01-%E3%83%A6-900001%2C17++++,01-ユ-900001,有料職業紹介事業,北海道,全行业,recruitment_agency,low,MHLW only proves a paid occupational placement license; headhunter positioning is not confirmed yet.,有料職業紹介事業; 厚生労働省,mhlw_verified,high,2026-05-22T11:37:50+08:00,Contact phone sourced from MHLW public occupational placement business detail page.
company-09fb83eb,公益社団法人北海道シルバー人材センター連合会,,,,0126-24-4255,,,https://jinzai.hellowork.mhlw.go.jp/JinzaiWeb/GICB102030.do?screenId=GICB102030&action=detail&detkey_Detail=01-%E3%83%A6-900001%2C18++++,https://jinzai.hellowork.mhlw.go.jp/JinzaiWeb/GICB102030.do?screenId=GICB102030&action=detail&detkey_Detail=01-%E3%83%A6-900001%2C18++++,01-ユ-900001,有料職業紹介事業,北海道,全行业,recruitment_agency,low,MHLW only proves a paid occupational placement license; headhunter positioning is not confirmed yet.,有料職業紹介事業; 厚生労働省,mhlw_verified,high,2026-05-22T11:37:50+08:00,Contact phone sourced from MHLW public occupational placement business detail page.
company-3522e3a9,公益社団法人北海道シルバー人材センター連合会,,,,0142-23-6448,,,https://jinzai.hellowork.mhlw.go.jp/JinzaiWeb/GICB102030.do?screenId=GICB102030&action=detail&detkey_Detail=01-%E3%83%A6-900001%2C20++++,https://jinzai.hellowork.mhlw.go.jp/JinzaiWeb/GICB102030.do?screenId=GICB102030&action=detail&detkey_Detail=01-%E3%83%A6-900001%2C20++++,01-ユ-900001,有料職業紹介事業,北海道,全行业,recruitment_agency,low,MHLW only proves a paid occupational placement license; headhunter positioning is not confirmed yet.,有料職業紹介事業; 厚生労働省,mhlw_verified,high,2026-05-22T11:37:50+08:00,Contact phone sourced from MHLW public occupational placement business detail page.
company-2ff9e4df,公益社団法人北海道シルバー人材センター連合会,,,,0162-22-1156,,,https://jinzai.hellowork.mhlw.go.jp/JinzaiWeb/GICB102030.do?screenId=GICB102030&action=detail&detkey_Detail=01-%E3%83%A6-900001%2C21++++,https://jinzai.hellowork.mhlw.go.jp/JinzaiWeb/GICB102030.do?screenId=GICB102030&action=detail&detkey_Detail=01-%E3%83%A6-900001%2C21++++,01-ユ-900001,有料職業紹介事業,北海道,全行业,recruitment_agency,low,MHLW only proves a paid occupational placement license; headhunter positioning is not confirmed yet.,有料職業紹介事業; 厚生労働省,mhlw_verified,high,2026-05-22T11:37:50+08:00,Contact phone sourced from MHLW public occupational placement business detail page.
company-d40b8a4f,公益社団法人北海道シルバー人材センター連合会,,,,0152-43-6688,,,https://jinzai.hellowork.mhlw.go.jp/JinzaiWeb/GICB102030.do?screenId=GICB102030&action=detail&detkey_Detail=01-%E3%83%A6-900001%2C22++++,https://jinzai.hellowork.mhlw.go.jp/JinzaiWeb/GICB102030.do?screenId=GICB102030&action=detail&detkey_Detail=01-%E3%83%A6-900001%2C22++++,01-ユ-900001,有料職業紹介事業,北海道,全行业,recruitment_agency,low,MHLW only proves a paid occupational placement license; headhunter positioning is not confirmed yet.,有料職業紹介事業; 厚生労働省,mhlw_verified,high,2026-05-22T11:37:50+08:00,Contact phone sourced from MHLW public occupational placement business detail page.
company-ec6bfd40,公益社団法人北海道シルバー人材センター連合会,,,,0133-64-7771,,,https://jinzai.hellowork.mhlw.go.jp/JinzaiWeb/GICB102030.do?screenId=GICB102030&action=detail&detkey_Detail=01-%E3%83%A6-900001%2C23++++,https://jinzai.hellowork.mhlw.go.jp/JinzaiWeb/GICB102030.do?screenId=GICB102030&action=detail&detkey_Detail=01-%E3%83%A6-900001%2C23++++,01-ユ-900001,有料職業紹介事業,北海道,全行业,recruitment_agency,low,MHLW only proves a paid occupational placement license; headhunter positioning is not confirmed yet.,有料職業紹介事業; 厚生労働省,mhlw_verified,high,2026-05-22T11:37:50+08:00,Contact phone sourced from MHLW public occupational placement business detail page.
company-9b6aee51,公益社団法人北海道シルバー人材センター連合会,,,,0143-88-0880,,,https://jinzai.hellowork.mhlw.go.jp/JinzaiWeb/GICB102030.do?screenId=GICB102030&action=detail&detkey_Detail=01-%E3%83%A6-900001%2C24++++,https://jinzai.hellowork.mhlw.go.jp/JinzaiWeb/GICB102030.do?screenId=GICB102030&action=detail&detkey_Detail=01-%E3%83%A6-900001%2C24++++,01-ユ-900001,有料職業紹介事業,北海道,全行业,recruitment_agency,low,MHLW only proves a paid occupational placement license; headhunter positioning is not confirmed yet.,有料職業紹介事業; 厚生労働省,mhlw_verified,high,2026-05-22T11:37:50+08:00,Contact phone sourced from MHLW public occupational placement business detail page.
company-fc6c9a9d,公益社団法人北海道シルバー人材センター連合会,,,,0165-23-4040,,,https://jinzai.hellowork.mhlw.go.jp/JinzaiWeb/GICB102030.do?screenId=GICB102030&action=detail&detkey_Detail=01-%E3%83%A6-900001%2C25++++,https://jinzai.hellowork.mhlw.go.jp/JinzaiWeb/GICB102030.do?screenId=GICB102030&action=detail&detkey_Detail=01-%E3%83%A6-900001%2C25++++,01-ユ-900001,有料職業紹介事業,北海道,全行业,recruitment_agency,low,MHLW only proves a paid occupational placement license; headhunter positioning is not confirmed yet.,有料職業紹介事業; 厚生労働省,mhlw_verified,high,2026-05-22T11:37:50+08:00,Contact phone sourced from MHLW public occupational placement business detail page.
company-2a010d50,公益社団法人北海道シルバー人材センター連合会,,,,0156-62-6058,,,https://jinzai.hellowork.mhlw.go.jp/JinzaiWeb/GICB102030.do?screenId=GICB102030&action=detail&detkey_Detail=01-%E3%83%A6-900001%2C26++++,https://jinzai.hellowork.mhlw.go.jp/JinzaiWeb/GICB102030.do?screenId=GICB102030&action=detail&detkey_Detail=01-%E3%83%A6-900001%2C26++++,01-ユ-900001,有料職業紹介事業,北海道,全行业,recruitment_agency,low,MHLW only proves a paid occupational placement license; headhunter positioning is not confirmed yet.,有料職業紹介事業; 厚生労働省,mhlw_verified,high,2026-05-22T11:37:50+08:00,Contact phone sourced from MHLW public occupational placement business detail page.
company-ed2adaf0,公益社団法人北海道シルバー人材センター連合会,,,,0138-66-3470,,,https://jinzai.hellowork.mhlw.go.jp/JinzaiWeb/GICB102030.do?screenId=GICB102030&action=detail&detkey_Detail=01-%E3%83%A6-900001%2C27++++,https://jinzai.hellowork.mhlw.go.jp/JinzaiWeb/GICB102030.do?screenId=GICB102030&action=detail&detkey_Detail=01-%E3%83%A6-900001%2C27++++,01-ユ-900001,有料職業紹介事業,北海道,全行业,recruitment_agency,low,MHLW only proves a paid occupational placement license; headhunter positioning is not confirmed yet.,有料職業紹介事業; 厚生労働省,mhlw_verified,high,2026-05-22T11:37:50+08:00,Contact phone sourced from MHLW public occupational placement business detail page.
company-aa9f0db8,公益社団法人北海道シルバー人材センター連合会,,,,0146-43-2800,,,https://jinzai.hellowork.mhlw.go.jp/JinzaiWeb/GICB102030.do?screenId=GICB102030&action=detail&detkey_Detail=01-%E3%83%A6-900001%2C28++++,https://jinzai.hellowork.mhlw.go.jp/JinzaiWeb/GICB102030.do?screenId=GICB102030&action=detail&detkey_Detail=01-%E3%83%A6-900001%2C28++++,01-ユ-900001,有料職業紹介事業,北海道,全行业,recruitment_agency,low,MHLW only proves a paid occupational placement license; headhunter positioning is not confirmed yet.,有料職業紹介事業; 厚生労働省,mhlw_verified,high,2026-05-22T11:37:50+08:00,Contact phone sourced from MHLW public occupational placement business detail page.
company-b203cc66,公益社団法人北海道シルバー人材センター連合会,,,,0158-23-7276,,,https://jinzai.hellowork.mhlw.go.jp/JinzaiWeb/GICB102030.do?screenId=GICB102030&action=detail&detkey_Detail=01-%E3%83%A6-900001%2C29++++,https://jinzai.hellowork.mhlw.go.jp/JinzaiWeb/GICB102030.do?screenId=GICB102030&action=detail&detkey_Detail=01-%E3%83%A6-900001%2C29++++,01-ユ-900001,有料職業紹介事業,北海道,全行业,recruitment_agency,low,MHLW only proves a paid occupational placement license; headhunter positioning is not confirmed yet.,有料職業紹介事業; 厚生労働省,mhlw_verified,high,2026-05-22T11:37:50+08:00,Contact phone sourced from MHLW public occupational placement business detail page.
company-84780114,公益社団法人北海道シルバー人材センター連合会,,,,0133-22-4191,,,https://jinzai.hellowork.mhlw.go.jp/JinzaiWeb/GICB102030.do?screenId=GICB102030&action=detail&detkey_Detail=01-%E3%83%A6-900001%2C30++++,https://jinzai.hellowork.mhlw.go.jp/JinzaiWeb/GICB102030.do?screenId=GICB102030&action=detail&detkey_Detail=01-%E3%83%A6-900001%2C30++++,01-ユ-900001,有料職業紹介事業,北海道,全行业,recruitment_agency,low,MHLW only proves a paid occupational placement license; headhunter positioning is not confirmed yet.,有料職業紹介事業; 厚生労働省,mhlw_verified,high,2026-05-22T11:37:50+08:00,Contact phone sourced from MHLW public occupational placement business detail page.
company-b78fb978,公益社団法人北海道シルバー人材センター連合会,,,,0153-79-1234,,,https://jinzai.hellowork.mhlw.go.jp/JinzaiWeb/GICB102030.do?screenId=GICB102030&action=detail&detkey_Detail=01-%E3%83%A6-900001%2C31++++,https://jinzai.hellowork.mhlw.go.jp/JinzaiWeb/GICB102030.do?screenId=GICB102030&action=detail&detkey_Detail=01-%E3%83%A6-900001%2C31++++,01-ユ-900001,有料職業紹介事業,北海道,全行业,recruitment_agency,low,MHLW only proves a paid occupational placement license; headhunter positioning is not confirmed yet.,有料職業紹介事業; 厚生労働省,mhlw_verified,high,2026-05-22T11:37:50+08:00,Contact phone sourced from MHLW public occupational placement business detail page.
company-d7243f4f,公益社団法人北海道シルバー人材センター連合会,,,,0126-66-2468,,,https://jinzai.hellowork.mhlw.go.jp/JinzaiWeb/GICB102030.do?screenId=GICB102030&action=detail&detkey_Detail=01-%E3%83%A6-900001%2C32++++,https://jinzai.hellowork.mhlw.go.jp/JinzaiWeb/GICB102030.do?screenId=GICB102030&action=detail&detkey_Detail=01-%E3%83%A6-900001%2C32++++,01-ユ-900001,有料職業紹介事業,北海道,全行业,recruitment_agency,low,MHLW only proves a paid occupational placement license; headhunter positioning is not confirmed yet.,有料職業紹介事業; 厚生労働省,mhlw_verified,high,2026-05-22T11:37:50+08:00,Contact phone sourced from MHLW public occupational placement business detail page.
company-ca63f34d,公益社団法人北海道シルバー人材センター連合会,,,,0167-22-5010,,,https://jinzai.hellowork.mhlw.go.jp/JinzaiWeb/GICB102030.do?screenId=GICB102030&action=detail&detkey_Detail=01-%E3%83%A6-900001%2C33++++,https://jinzai.hellowork.mhlw.go.jp/JinzaiWeb/GICB102030.do?screenId=GICB102030&action=detail&detkey_Detail=01-%E3%83%A6-900001%2C33++++,01-ユ-900001,有料職業紹介事業,北海道,全行业,recruitment_agency,low,MHLW only proves a paid occupational placement license; headhunter positioning is not confirmed yet.,有料職業紹介事業; 厚生労働省,mhlw_verified,high,2026-05-22T11:37:50+08:00,Contact phone sourced from MHLW public occupational placement business detail page.
company-52089729,公益社団法人北海道シルバー人材センター連合会,,,,0135-22-7641,,,https://jinzai.hellowork.mhlw.go.jp/JinzaiWeb/GICB102030.do?screenId=GICB102030&action=detail&detkey_Detail=01-%E3%83%A6-900001%2C34++++,https://jinzai.hellowork.mhlw.go.jp/JinzaiWeb/GICB102030.do?screenId=GICB102030&action=detail&detkey_Detail=01-%E3%83%A6-900001%2C34++++,01-ユ-900001,有料職業紹介事業,北海道,全行业,recruitment_agency,low,MHLW only proves a paid occupational placement license; headhunter positioning is not confirmed yet.,有料職業紹介事業; 厚生労働省,mhlw_verified,high,2026-05-22T11:37:50+08:00,Contact phone sourced from MHLW public occupational placement business detail page.
company-9a553293,公益社団法人北海道シルバー人材センター連合会,,,,01374-2-0423,,,https://jinzai.hellowork.mhlw.go.jp/JinzaiWeb/GICB102030.do?screenId=GICB102030&action=detail&detkey_Detail=01-%E3%83%A6-900001%2C35++++,https://jinzai.hellowork.mhlw.go.jp/JinzaiWeb/GICB102030.do?screenId=GICB102030&action=detail&detkey_Detail=01-%E3%83%A6-900001%2C35++++,01-ユ-900001,有料職業紹介事業,北海道,全行业,recruitment_agency,low,MHLW only proves a paid occupational placement license; headhunter positioning is not confirmed yet.,有料職業紹介事業; 厚生労働省,mhlw_verified,high,2026-05-22T11:37:50+08:00,Contact phone sourced from MHLW public occupational placement business detail page.
company-eb9e94a7,公益社団法人北海道シルバー人材センター連合会,,,,0125-52-4159,,,https://jinzai.hellowork.mhlw.go.jp/JinzaiWeb/GICB102030.do?screenId=GICB102030&action=detail&detkey_Detail=01-%E3%83%A6-900001%2C36++++,https://jinzai.hellowork.mhlw.go.jp/JinzaiWeb/GICB102030.do?screenId=GICB102030&action=detail&detkey_Detail=01-%E3%83%A6-900001%2C36++++,01-ユ-900001,有料職業紹介事業,北海道,全行业,recruitment_agency,low,MHLW only proves a paid occupational placement license; headhunter positioning is not confirmed yet.,有料職業紹介事業; 厚生労働省,mhlw_verified,high,2026-05-22T11:37:50+08:00,Contact phone sourced from MHLW public occupational placement business detail page.
company-b8058f1c,公益社団法人北海道シルバー人材センター連合会,,,,0123-88-0017,,,https://jinzai.hellowork.mhlw.go.jp/JinzaiWeb/GICB102030.do?screenId=GICB102030&action=detail&detkey_Detail=01-%E3%83%A6-900001%2C37++++,https://jinzai.hellowork.mhlw.go.jp/JinzaiWeb/GICB102030.do?screenId=GICB102030&action=detail&detkey_Detail=01-%E3%83%A6-900001%2C37++++,01-ユ-900001,有料職業紹介事業,北海道,全行业,recruitment_agency,low,MHLW only proves a paid occupational placement license; headhunter positioning is not confirmed yet.,有料職業紹介事業; 厚生労働省,mhlw_verified,high,2026-05-22T11:37:50+08:00,Contact phone sourced from MHLW public occupational placement business detail page.
company-fb903de1,公益社団法人北海道シルバー人材センター連合会,,,,01656-2-4060,,,https://jinzai.hellowork.mhlw.go.jp/JinzaiWeb/GICB102030.do?screenId=GICB102030&action=detail&detkey_Detail=01-%E3%83%A6-900001%2C38++++,https://jinzai.hellowork.mhlw.go.jp/JinzaiWeb/GICB102030.do?screenId=GICB102030&action=detail&detkey_Detail=01-%E3%83%A6-900001%2C38++++,01-ユ-900001,有料職業紹介事業,北海道,全行业,recruitment_agency,low,MHLW only proves a paid occupational placement license; headhunter positioning is not confirmed yet.,有料職業紹介事業; 厚生労働省,mhlw_verified,high,2026-05-22T11:37:50+08:00,Contact phone sourced from MHLW public occupational placement business detail page.
company-4c6daaca,公益社団法人北海道シルバー人材センター連合会,,,,011-788-6915,,,https://jinzai.hellowork.mhlw.go.jp/JinzaiWeb/GICB102030.do?screenId=GICB102030&action=detail&detkey_Detail=01-%E3%83%A6-900001%2C39++++,https://jinzai.hellowork.mhlw.go.jp/JinzaiWeb/GICB102030.do?screenId=GICB102030&action=detail&detkey_Detail=01-%E3%83%A6-900001%2C39++++,01-ユ-900001,有料職業紹介事業,北海道,全行业,recruitment_agency,low,MHLW only proves a paid occupational placement license; headhunter positioning is not confirmed yet.,有料職業紹介事業; 厚生労働省,mhlw_verified,high,2026-05-22T11:37:50+08:00,Contact phone sourced from MHLW public occupational placement business detail page.
company-a960c7db,三八五流通 株式会社,,,,0178-71-3851,,,https://jinzai.hellowork.mhlw.go.jp/JinzaiWeb/GICB102030.do?screenId=GICB102030&action=detail&detkey_Detail=02-%E3%83%A6-300002%2C0+++++,https://jinzai.hellowork.mhlw.go.jp/JinzaiWeb/GICB102030.do?screenId=GICB102030&action=detail&detkey_Detail=02-%E3%83%A6-300002%2C0+++++,02-ユ-300002,有料職業紹介事業,青森県,全行业,recruitment_agency,low,MHLW only proves a paid occupational placement license; headhunter positioning is not confirmed yet.,有料職業紹介事業; 厚生労働省,mhlw_verified,high,2026-05-22T11:37:50+08:00,Contact phone sourced from MHLW public occupational placement business detail page.
company-6e6ef0a3,株式会社 トゥインクル,,,,0178-32-7310,,,https://jinzai.hellowork.mhlw.go.jp/JinzaiWeb/GICB102030.do?screenId=GICB102030&action=detail&detkey_Detail=02-%E3%83%A6-300033%2C1+++++,https://jinzai.hellowork.mhlw.go.jp/JinzaiWeb/GICB102030.do?screenId=GICB102030&action=detail&detkey_Detail=02-%E3%83%A6-300033%2C1+++++,02-ユ-300033,有料職業紹介事業,青森県,全行业,recruitment_agency,low,MHLW only proves a paid occupational placement license; headhunter positioning is not confirmed yet.,有料職業紹介事業; 厚生労働省,mhlw_verified,high,2026-05-22T11:37:50+08:00,Contact phone sourced from MHLW public occupational placement business detail page.
company-7025d1ab,株式会社 ケアライフ青森,,,,017-764-5085,,,https://jinzai.hellowork.mhlw.go.jp/JinzaiWeb/GICB102030.do?screenId=GICB102030&action=detail&detkey_Detail=02-%E3%83%A6-300037%2C1+++++,https://jinzai.hellowork.mhlw.go.jp/JinzaiWeb/GICB102030.do?screenId=GICB102030&action=detail&detkey_Detail=02-%E3%83%A6-300037%2C1+++++,02-ユ-300037,有料職業紹介事業,青森県,全行业,recruitment_agency,low,MHLW only proves a paid occupational placement license; headhunter positioning is not confirmed yet.,有料職業紹介事業; 厚生労働省,mhlw_verified,high,2026-05-22T11:37:50+08:00,Contact phone sourced from MHLW public occupational placement business detail page.
company-b103473d,株式会社 エンジョブ,,,,0176-51-3440,,,https://jinzai.hellowork.mhlw.go.jp/JinzaiWeb/GICB102030.do?screenId=GICB102030&action=detail&detkey_Detail=02-%E3%83%A6-300052%2C1+++++,https://jinzai.hellowork.mhlw.go.jp/JinzaiWeb/GICB102030.do?screenId=GICB102030&action=detail&detkey_Detail=02-%E3%83%A6-300052%2C1+++++,02-ユ-300052,有料職業紹介事業,青森県,全行业,recruitment_agency,low,MHLW only proves a paid occupational placement license; headhunter positioning is not confirmed yet.,有料職業紹介事業; 厚生労働省,mhlw_verified,high,2026-05-22T11:37:50+08:00,Contact phone sourced from MHLW public occupational placement business detail page.
company-c7239dc0,有限会社 ザ・ワーク,,,,0173-29-3300,,,https://jinzai.hellowork.mhlw.go.jp/JinzaiWeb/GICB102030.do?screenId=GICB102030&action=detail&detkey_Detail=02-%E3%83%A6-300053%2C1+++++,https://jinzai.hellowork.mhlw.go.jp/JinzaiWeb/GICB102030.do?screenId=GICB102030&action=detail&detkey_Detail=02-%E3%83%A6-300053%2C1+++++,02-ユ-300053,有料職業紹介事業,青森県,全行业,recruitment_agency,low,MHLW only proves a paid occupational placement license; headhunter positioning is not confirmed yet.,有料職業紹介事業; 厚生労働省,mhlw_verified,high,2026-05-22T11:37:50+08:00,Contact phone sourced from MHLW public occupational placement business detail page.
company-91e54c15,北日本事業振興協同組合,,,,0172-26-5371,,,https://jinzai.hellowork.mhlw.go.jp/JinzaiWeb/GICB102030.do?screenId=GICB102030&action=detail&detkey_Detail=02-%E3%83%A6-300056%2C1+++++,https://jinzai.hellowork.mhlw.go.jp/JinzaiWeb/GICB102030.do?screenId=GICB102030&action=detail&detkey_Detail=02-%E3%83%A6-300056%2C1+++++,02-ユ-300056,有料職業紹介事業,青森県,全行业,recruitment_agency,low,MHLW only proves a paid occupational placement license; headhunter positioning is not confirmed yet.,有料職業紹介事業; 厚生労働省,mhlw_verified,high,2026-05-22T11:37:50+08:00,Contact phone sourced from MHLW public occupational placement business detail page.
company-03eb0001,菊池 勲,,,,0172-27-5145,,,https://jinzai.hellowork.mhlw.go.jp/JinzaiWeb/GICB102030.do?screenId=GICB102030&action=detail&detkey_Detail=02-%E3%83%A6-300061%2C1+++++,https://jinzai.hellowork.mhlw.go.jp/JinzaiWeb/GICB102030.do?screenId=GICB102030&action=detail&detkey_Detail=02-%E3%83%A6-300061%2C1+++++,02-ユ-300061,有料職業紹介事業,青森県,全行业,recruitment_agency,low,MHLW only proves a paid occupational placement license; headhunter positioning is not confirmed yet.,有料職業紹介事業; 厚生労働省,mhlw_verified,high,2026-05-22T11:37:50+08:00,Contact phone sourced from MHLW public occupational placement business detail page.
company-43068b78,有限会社 大裕,,,,017-752-6566,,,https://jinzai.hellowork.mhlw.go.jp/JinzaiWeb/GICB102030.do?screenId=GICB102030&action=detail&detkey_Detail=02-%E3%83%A6-300066%2C1+++++,https://jinzai.hellowork.mhlw.go.jp/JinzaiWeb/GICB102030.do?screenId=GICB102030&action=detail&detkey_Detail=02-%E3%83%A6-300066%2C1+++++,02-ユ-300066,有料職業紹介事業,青森県,全行业,recruitment_agency,low,MHLW only proves a paid occupational placement license; headhunter positioning is not confirmed yet.,有料職業紹介事業; 厚生労働省,mhlw_verified,high,2026-05-22T11:37:50+08:00,Contact phone sourced from MHLW public occupational placement business detail page.
i-d92d87a3,株式会社I・Ｍ・Ｓ,,,,0172-32-5801,,,https://jinzai.hellowork.mhlw.go.jp/JinzaiWeb/GICB102030.do?screenId=GICB102030&action=detail&detkey_Detail=02-%E3%83%A6-300067%2C1+++++,https://jinzai.hellowork.mhlw.go.jp/JinzaiWeb/GICB102030.do?screenId=GICB102030&action=detail&detkey_Detail=02-%E3%83%A6-300067%2C1+++++,02-ユ-300067,有料職業紹介事業,青森県,全行业,recruitment_agency,low,MHLW only proves a paid occupational placement license; headhunter positioning is not confirmed yet.,有料職業紹介事業; 厚生労働省,mhlw_verified,high,2026-05-22T11:37:50+08:00,Contact phone sourced from MHLW public occupational placement business detail page.
company-2cba73fa,いかり商事株式会社,,,,0172-27-7878,,,https://jinzai.hellowork.mhlw.go.jp/JinzaiWeb/GICB102030.do?screenId=GICB102030&action=detail&detkey_Detail=02-%E3%83%A6-300071%2C1+++++,https://jinzai.hellowork.mhlw.go.jp/JinzaiWeb/GICB102030.do?screenId=GICB102030&action=detail&detkey_Detail=02-%E3%83%A6-300071%2C1+++++,02-ユ-300071,有料職業紹介事業,青森県,全行业,recruitment_agency,low,MHLW only proves a paid occupational placement license; headhunter positioning is not confirmed yet.,有料職業紹介事業; 厚生労働省,mhlw_verified,high,2026-05-22T11:37:50+08:00,Contact phone sourced from MHLW public occupational placement business detail page.
company-d33cfd88,株式会社ドリーム・ワークス,,,,0178-80-7156,,,https://jinzai.hellowork.mhlw.go.jp/JinzaiWeb/GICB102030.do?screenId=GICB102030&action=detail&detkey_Detail=02-%E3%83%A6-300074%2C1+++++,https://jinzai.hellowork.mhlw.go.jp/JinzaiWeb/GICB102030.do?screenId=GICB102030&action=detail&detkey_Detail=02-%E3%83%A6-300074%2C1+++++,02-ユ-300074,有料職業紹介事業,青森県,全行业,recruitment_agency,low,MHLW only proves a paid occupational placement license; headhunter positioning is not confirmed yet.,有料職業紹介事業; 厚生労働省,mhlw_verified,high,2026-05-22T11:37:50+08:00,Contact phone sourced from MHLW public occupational placement business detail page.
company-886e1e46,有限会社一関看護婦家政婦紹介所,,,,0191-23-2505,,,https://jinzai.hellowork.mhlw.go.jp/JinzaiWeb/GICB102030.do?screenId=GICB102030&action=detail&detkey_Detail=03-%E3%83%A6-050001%2C0+++++,https://jinzai.hellowork.mhlw.go.jp/JinzaiWeb/GICB102030.do?screenId=GICB102030&action=detail&detkey_Detail=03-%E3%83%A6-050001%2C0+++++,03-ユ-050001,有料職業紹介事業,岩手県,全行业,recruitment_agency,low,MHLW only proves a paid occupational placement license; headhunter positioning is not confirmed yet.,有料職業紹介事業; 厚生労働省,mhlw_verified,high,2026-05-22T11:37:50+08:00,Contact phone sourced from MHLW public occupational placement business detail page.
company-c4e506c6,株式会社ツイン,,,,0197-61-6550,,,https://jinzai.hellowork.mhlw.go.jp/JinzaiWeb/GICB102030.do?screenId=GICB102030&action=detail&detkey_Detail=03-%E3%83%A6-300030%2C1+++++,https://jinzai.hellowork.mhlw.go.jp/JinzaiWeb/GICB102030.do?screenId=GICB102030&action=detail&detkey_Detail=03-%E3%83%A6-300030%2C1+++++,03-ユ-300030,有料職業紹介事業,岩手県,全行业,recruitment_agency,low,MHLW only proves a paid occupational placement license; headhunter positioning is not confirmed yet.,有料職業紹介事業; 厚生労働省,mhlw_verified,high,2026-05-22T11:37:50+08:00,Contact phone sourced from MHLW public occupational placement business detail page.
company-d66f5693,株式会社天正スタッフ,,,,0197-62-6662,,,https://jinzai.hellowork.mhlw.go.jp/JinzaiWeb/GICB102030.do?screenId=GICB102030&action=detail&detkey_Detail=03-%E3%83%A6-300036%2C1+++++,https://jinzai.hellowork.mhlw.go.jp/JinzaiWeb/GICB102030.do?screenId=GICB102030&action=detail&detkey_Detail=03-%E3%83%A6-300036%2C1+++++,03-ユ-300036,有料職業紹介事業,岩手県,全行业,recruitment_agency,low,MHLW only proves a paid occupational placement license; headhunter positioning is not confirmed yet.,有料職業紹介事業; 厚生労働省,mhlw_verified,high,2026-05-22T11:37:50+08:00,Contact phone sourced from MHLW public occupational placement business detail page.
company-714c56c7,株式会社 ジュリアン,,,,0197-22-6568,,http://www.julian-hiro.co.jp,https://jinzai.hellowork.mhlw.go.jp/JinzaiWeb/GICB102030.do?screenId=GICB102030&action=detail&detkey_Detail=03-%E3%83%A6-300057%2C1+++++,https://jinzai.hellowork.mhlw.go.jp/JinzaiWeb/GICB102030.do?screenId=GICB102030&action=detail&detkey_Detail=03-%E3%83%A6-300057%2C1+++++,03-ユ-300057,有料職業紹介事業,岩手県,全行业,recruitment_agency,low,MHLW only proves a paid occupational placement license; headhunter positioning is not confirmed yet.,有料職業紹介事業; 厚生労働省,mhlw_verified,high,2026-05-22T11:37:50+08:00,Contact phone sourced from MHLW public occupational placement business detail page.
company-92a374a9,一般社団法人 盛の郷,,,,019-652-3131,,,https://jinzai.hellowork.mhlw.go.jp/JinzaiWeb/GICB102030.do?screenId=GICB102030&action=detail&detkey_Detail=03-%E3%83%A6-300061%2C1+++++,https://jinzai.hellowork.mhlw.go.jp/JinzaiWeb/GICB102030.do?screenId=GICB102030&action=detail&detkey_Detail=03-%E3%83%A6-300061%2C1+++++,03-ユ-300061,有料職業紹介事業,岩手県,全行业,recruitment_agency,low,MHLW only proves a paid occupational placement license; headhunter positioning is not confirmed yet.,有料職業紹介事業; 厚生労働省,mhlw_verified,high,2026-05-22T11:37:50+08:00,Contact phone sourced from MHLW public occupational placement business detail page.
company-75d370f5,株式会社東北銀行,,,,019-651-6716,,,https://jinzai.hellowork.mhlw.go.jp/JinzaiWeb/GICB102030.do?screenId=GICB102030&action=detail&detkey_Detail=03-%E3%83%A6-300072%2C1+++++,https://jinzai.hellowork.mhlw.go.jp/JinzaiWeb/GICB102030.do?screenId=GICB102030&action=detail&detkey_Detail=03-%E3%83%A6-300072%2C1+++++,03-ユ-300072,有料職業紹介事業,岩手県,全行业,recruitment_agency,low,MHLW only proves a paid occupational placement license; headhunter positioning is not confirmed yet.,有料職業紹介事業; 厚生労働省,mhlw_verified,high,2026-05-22T11:37:50+08:00,Contact phone sourced from MHLW public occupational placement business detail page.
company-1ee48cd5,株式会社北日本銀行,,,,019-653-1111,,,https://jinzai.hellowork.mhlw.go.jp/JinzaiWeb/GICB102030.do?screenId=GICB102030&action=detail&detkey_Detail=03-%E3%83%A6-300074%2C1+++++,https://jinzai.hellowork.mhlw.go.jp/JinzaiWeb/GICB102030.do?screenId=GICB102030&action=detail&detkey_Detail=03-%E3%83%A6-300074%2C1+++++,03-ユ-300074,有料職業紹介事業,岩手県,全行业,recruitment_agency,low,MHLW only proves a paid occupational placement license; headhunter positioning is not confirmed yet.,有料職業紹介事業; 厚生労働省,mhlw_verified,high,2026-05-22T11:37:50+08:00,Contact phone sourced from MHLW public occupational placement business detail page.
company-4a945c4a,新高電気 株式会社,,,,0198-23-5211,,,https://jinzai.hellowork.mhlw.go.jp/JinzaiWeb/GICB102030.do?screenId=GICB102030&action=detail&detkey_Detail=03-%E3%83%A6-300084%2C1+++++,https://jinzai.hellowork.mhlw.go.jp/JinzaiWeb/GICB102030.do?screenId=GICB102030&action=detail&detkey_Detail=03-%E3%83%A6-300084%2C1+++++,03-ユ-300084,有料職業紹介事業,岩手県,全行业,recruitment_agency,low,MHLW only proves a paid occupational placement license; headhunter positioning is not confirmed yet.,有料職業紹介事業; 厚生労働省,mhlw_verified,high,2026-05-22T11:37:50+08:00,Contact phone sourced from MHLW public occupational placement business detail page.
company-fb42adec,株式会社パソナ東北創生,,,,080-4402-5516,,https://pasonatohokusousei.com/,https://jinzai.hellowork.mhlw.go.jp/JinzaiWeb/GICB102030.do?screenId=GICB102030&action=detail&detkey_Detail=03-%E3%83%A6-300095%2C1+++++,https://jinzai.hellowork.mhlw.go.jp/JinzaiWeb/GICB102030.do?screenId=GICB102030&action=detail&detkey_Detail=03-%E3%83%A6-300095%2C1+++++,03-ユ-300095,有料職業紹介事業,岩手県,全行业,recruitment_agency,low,MHLW only proves a paid occupational placement license; headhunter positioning is not confirmed yet.,有料職業紹介事業; 厚生労働省,mhlw_verified,high,2026-05-22T11:37:50+08:00,Contact phone sourced from MHLW public occupational placement business detail page.
company-04ed596b,クラリスアート株式会社,,,,019-681-3838,,,https://jinzai.hellowork.mhlw.go.jp/JinzaiWeb/GICB102030.do?screenId=GICB102030&action=detail&detkey_Detail=03-%E3%83%A6-300100%2C1+++++,https://jinzai.hellowork.mhlw.go.jp/JinzaiWeb/GICB102030.do?screenId=GICB102030&action=detail&detkey_Detail=03-%E3%83%A6-300100%2C1+++++,03-ユ-300100,有料職業紹介事業,岩手県,全行业,recruitment_agency,low,MHLW only proves a paid occupational placement license; headhunter positioning is not confirmed yet.,有料職業紹介事業; 厚生労働省,mhlw_verified,high,2026-05-22T11:37:50+08:00,Contact phone sourced from MHLW public occupational placement business detail page.
company-bf07536f,ディスカバリー株式会社,,,,0197-62-4775,,,https://jinzai.hellowork.mhlw.go.jp/JinzaiWeb/GICB102030.do?screenId=GICB102030&action=detail&detkey_Detail=03-%E3%83%A6-300104%2C1+++++,https://jinzai.hellowork.mhlw.go.jp/JinzaiWeb/GICB102030.do?screenId=GICB102030&action=detail&detkey_Detail=03-%E3%83%A6-300104%2C1+++++,03-ユ-300104,有料職業紹介事業,岩手県,全行业,recruitment_agency,low,MHLW only proves a paid occupational placement license; headhunter positioning is not confirmed yet.,有料職業紹介事業; 厚生労働省,mhlw_verified,high,2026-05-22T11:37:50+08:00,Contact phone sourced from MHLW public occupational placement business detail page.
company-41b2913c,有限会社あけぼの介護センター,,,,022-796-6360,,,https://jinzai.hellowork.mhlw.go.jp/JinzaiWeb/GICB102030.do?screenId=GICB102030&action=detail&detkey_Detail=04-%E3%83%A6-010055%2C1+++++,https://jinzai.hellowork.mhlw.go.jp/JinzaiWeb/GICB102030.do?screenId=GICB102030&action=detail&detkey_Detail=04-%E3%83%A6-010055%2C1+++++,04-ユ-010055,有料職業紹介事業,宮城県,全行业,recruitment_agency,low,MHLW only proves a paid occupational placement license; headhunter positioning is not confirmed yet.,有料職業紹介事業; 厚生労働省,mhlw_verified,high,2026-05-22T11:37:50+08:00,Contact phone sourced from MHLW public occupational placement business detail page.
company-f7451b31,有限会社岡本看護婦家政婦紹介所,,,,0229-22-1057,,,https://jinzai.hellowork.mhlw.go.jp/JinzaiWeb/GICB102030.do?screenId=GICB102030&action=detail&detkey_Detail=04-%E3%83%A6-040001%2C1+++++,https://jinzai.hellowork.mhlw.go.jp/JinzaiWeb/GICB102030.do?screenId=GICB102030&action=detail&detkey_Detail=04-%E3%83%A6-040001%2C1+++++,04-ユ-040001,有料職業紹介事業,宮城県,全行业,recruitment_agency,low,MHLW only proves a paid occupational placement license; headhunter positioning is not confirmed yet.,有料職業紹介事業; 厚生労働省,mhlw_verified,high,2026-05-22T11:37:50+08:00,Contact phone sourced from MHLW public occupational placement business detail page.
company-7f9da412,菅原 清香,,,,0226-46-4148,,,https://jinzai.hellowork.mhlw.go.jp/JinzaiWeb/GICB102030.do?screenId=GICB102030&action=detail&detkey_Detail=04-%E3%83%A6-080002%2C1+++++,https://jinzai.hellowork.mhlw.go.jp/JinzaiWeb/GICB102030.do?screenId=GICB102030&action=detail&detkey_Detail=04-%E3%83%A6-080002%2C1+++++,04-ユ-080002,有料職業紹介事業,宮城県,全行业,recruitment_agency,low,MHLW only proves a paid occupational placement license; headhunter positioning is not confirmed yet.,有料職業紹介事業; 厚生労働省,mhlw_verified,high,2026-05-22T11:37:50+08:00,Contact phone sourced from MHLW public occupational placement business detail page.
company-ba9ac488,株式会社佐々啓,,,,022-225-3424,,,https://jinzai.hellowork.mhlw.go.jp/JinzaiWeb/GICB102030.do?screenId=GICB102030&action=detail&detkey_Detail=04-%E3%83%A6-300002%2C1+++++,https://jinzai.hellowork.mhlw.go.jp/JinzaiWeb/GICB102030.do?screenId=GICB102030&action=detail&detkey_Detail=04-%E3%83%A6-300002%2C1+++++,04-ユ-300002,有料職業紹介事業,宮城県,全行业,recruitment_agency,low,MHLW only proves a paid occupational placement license; headhunter positioning is not confirmed yet.,有料職業紹介事業; 厚生労働省,mhlw_verified,high,2026-05-22T11:37:50+08:00,Contact phone sourced from MHLW public occupational placement business detail page.
company-146a49cb,東北重機工事株式会社,,,,022-364-2120,,,https://jinzai.hellowork.mhlw.go.jp/JinzaiWeb/GICB102030.do?screenId=GICB102030&action=detail&detkey_Detail=04-%E3%83%A6-300015%2C1+++++,https://jinzai.hellowork.mhlw.go.jp/JinzaiWeb/GICB102030.do?screenId=GICB102030&action=detail&detkey_Detail=04-%E3%83%A6-300015%2C1+++++,04-ユ-300015,有料職業紹介事業,宮城県,全行业,recruitment_agency,low,MHLW only proves a paid occupational placement license; headhunter positioning is not confirmed yet.,有料職業紹介事業; 厚生労働省,mhlw_verified,high,2026-05-22T11:37:50+08:00,Contact phone sourced from MHLW public occupational placement business detail page.
company-32ac64fd,株式会社あずみ,,,,0224-55-1881,,,https://jinzai.hellowork.mhlw.go.jp/JinzaiWeb/GICB102030.do?screenId=GICB102030&action=detail&detkey_Detail=04-%E3%83%A6-300031%2C1+++++,https://jinzai.hellowork.mhlw.go.jp/JinzaiWeb/GICB102030.do?screenId=GICB102030&action=detail&detkey_Detail=04-%E3%83%A6-300031%2C1+++++,04-ユ-300031,有料職業紹介事業,宮城県,全行业,recruitment_agency,low,MHLW only proves a paid occupational placement license; headhunter positioning is not confirmed yet.,有料職業紹介事業; 厚生労働省,mhlw_verified,high,2026-05-22T11:37:50+08:00,Contact phone sourced from MHLW public occupational placement business detail page.
company-8ae7afeb,有限会社ヒューマンリンクス,,,,0220-29-5382,,,https://jinzai.hellowork.mhlw.go.jp/JinzaiWeb/GICB102030.do?screenId=GICB102030&action=detail&detkey_Detail=04-%E3%83%A6-300094%2C1+++++,https://jinzai.hellowork.mhlw.go.jp/JinzaiWeb/GICB102030.do?screenId=GICB102030&action=detail&detkey_Detail=04-%E3%83%A6-300094%2C1+++++,04-ユ-300094,有料職業紹介事業,宮城県,全行业,recruitment_agency,low,MHLW only proves a paid occupational placement license; headhunter positioning is not confirmed yet.,有料職業紹介事業; 厚生労働省,mhlw_verified,high,2026-05-22T11:37:50+08:00,Contact phone sourced from MHLW public occupational placement business detail page.
company-adf47fe9,株式会社エキスパートエージェンシー,,,,022-352-0511,,http://www.expert-agency.com/,https://jinzai.hellowork.mhlw.go.jp/JinzaiWeb/GICB102030.do?screenId=GICB102030&action=detail&detkey_Detail=04-%E3%83%A6-300097%2C1+++++,https://jinzai.hellowork.mhlw.go.jp/JinzaiWeb/GICB102030.do?screenId=GICB102030&action=detail&detkey_Detail=04-%E3%83%A6-300097%2C1+++++,04-ユ-300097,有料職業紹介事業,宮城県,全行业,recruitment_agency,low,MHLW only proves a paid occupational placement license; headhunter positioning is not confirmed yet.,有料職業紹介事業; 厚生労働省,mhlw_verified,high,2026-05-22T11:37:50+08:00,Contact phone sourced from MHLW public occupational placement business detail page.
company-4a6c55e6,株式会社スピード,,,,0229-21-0666,,,https://jinzai.hellowork.mhlw.go.jp/JinzaiWeb/GICB102030.do?screenId=GICB102030&action=detail&detkey_Detail=04-%E3%83%A6-300102%2C1+++++,https://jinzai.hellowork.mhlw.go.jp/JinzaiWeb/GICB102030.do?screenId=GICB102030&action=detail&detkey_Detail=04-%E3%83%A6-300102%2C1+++++,04-ユ-300102,有料職業紹介事業,宮城県,全行业,recruitment_agency,low,MHLW only proves a paid occupational placement license; headhunter positioning is not confirmed yet.,有料職業紹介事業; 厚生労働省,mhlw_verified,high,2026-05-22T11:37:50+08:00,Contact phone sourced from MHLW public occupational placement business detail page.
company-39ea4c32,株式会社オガワ企画,,,,022-347-1232,,,https://jinzai.hellowork.mhlw.go.jp/JinzaiWeb/GICB102030.do?screenId=GICB102030&action=detail&detkey_Detail=04-%E3%83%A6-300118%2C1+++++,https://jinzai.hellowork.mhlw.go.jp/JinzaiWeb/GICB102030.do?screenId=GICB102030&action=detail&detkey_Detail=04-%E3%83%A6-300118%2C1+++++,04-ユ-300118,有料職業紹介事業,宮城県,全行业,recruitment_agency,low,MHLW only proves a paid occupational placement license; headhunter positioning is not confirmed yet.,有料職業紹介事業; 厚生労働省,mhlw_verified,high,2026-05-22T11:37:50+08:00,Contact phone sourced from MHLW public occupational placement business detail page.
company-58776e1f,株式会社中田無線,,,,0220-34-6109,,,https://jinzai.hellowork.mhlw.go.jp/JinzaiWeb/GICB102030.do?screenId=GICB102030&action=detail&detkey_Detail=04-%E3%83%A6-300125%2C1+++++,https://jinzai.hellowork.mhlw.go.jp/JinzaiWeb/GICB102030.do?screenId=GICB102030&action=detail&detkey_Detail=04-%E3%83%A6-300125%2C1+++++,04-ユ-300125,有料職業紹介事業,宮城県,全行业,recruitment_agency,low,MHLW only proves a paid occupational placement license; headhunter positioning is not confirmed yet.,有料職業紹介事業; 厚生労働省,mhlw_verified,high,2026-05-22T11:37:50+08:00,Contact phone sourced from MHLW public occupational placement business detail page.
company-2e3e8cbd,株式会社福祉工房,,,,022-727-8820,,,https://jinzai.hellowork.mhlw.go.jp/JinzaiWeb/GICB102030.do?screenId=GICB102030&action=detail&detkey_Detail=04-%E3%83%A6-300132%2C1+++++,https://jinzai.hellowork.mhlw.go.jp/JinzaiWeb/GICB102030.do?screenId=GICB102030&action=detail&detkey_Detail=04-%E3%83%A6-300132%2C1+++++,04-ユ-300132,有料職業紹介事業,宮城県,全行业,recruitment_agency,low,MHLW only proves a paid occupational placement license; headhunter positioning is not confirmed yet.,有料職業紹介事業; 厚生労働省,mhlw_verified,high,2026-05-22T11:37:50+08:00,Contact phone sourced from MHLW public occupational placement business detail page.
company-6377e2d7,ジャパンビルシステム株式会社,,,,0225-93-3243,,,https://jinzai.hellowork.mhlw.go.jp/JinzaiWeb/GICB102030.do?screenId=GICB102030&action=detail&detkey_Detail=04-%E3%83%A6-300147%2C1+++++,https://jinzai.hellowork.mhlw.go.jp/JinzaiWeb/GICB102030.do?screenId=GICB102030&action=detail&detkey_Detail=04-%E3%83%A6-300147%2C1+++++,04-ユ-300147,有料職業紹介事業,宮城県,全行业,recruitment_agency,low,MHLW only proves a paid occupational placement license; headhunter positioning is not confirmed yet.,有料職業紹介事業; 厚生労働省,mhlw_verified,high,2026-05-22T11:37:50+08:00,Contact phone sourced from MHLW public occupational placement business detail page.
company-f1d24d61,株式会社清建,,,,0220-22-7085,,,https://jinzai.hellowork.mhlw.go.jp/JinzaiWeb/GICB102030.do?screenId=GICB102030&action=detail&detkey_Detail=04-%E3%83%A6-300162%2C1+++++,https://jinzai.hellowork.mhlw.go.jp/JinzaiWeb/GICB102030.do?screenId=GICB102030&action=detail&detkey_Detail=04-%E3%83%A6-300162%2C1+++++,04-ユ-300162,有料職業紹介事業,宮城県,全行业,recruitment_agency,low,MHLW only proves a paid occupational placement license; headhunter positioning is not confirmed yet.,有料職業紹介事業; 厚生労働省,mhlw_verified,high,2026-05-22T11:37:50+08:00,Contact phone sourced from MHLW public occupational placement business detail page.
company-fa3ecf75,アンデックス株式会社,,,,022-397-7988,,,https://jinzai.hellowork.mhlw.go.jp/JinzaiWeb/GICB102030.do?screenId=GICB102030&action=detail&detkey_Detail=04-%E3%83%A6-300201%2C1+++++,https://jinzai.hellowork.mhlw.go.jp/JinzaiWeb/GICB102030.do?screenId=GICB102030&action=detail&detkey_Detail=04-%E3%83%A6-300201%2C1+++++,04-ユ-300201,有料職業紹介事業,宮城県,全行业,recruitment_agency,low,MHLW only proves a paid occupational placement license; headhunter positioning is not confirmed yet.,有料職業紹介事業; 厚生労働省,mhlw_verified,high,2026-05-22T11:37:50+08:00,Contact phone sourced from MHLW public occupational placement business detail page.
company-7fe3b345,株式会社ミライズＰｒｏ,,,,022-302-4655,,,https://jinzai.hellowork.mhlw.go.jp/JinzaiWeb/GICB102030.do?screenId=GICB102030&action=detail&detkey_Detail=04-%E3%83%A6-300221%2C1+++++,https://jinzai.hellowork.mhlw.go.jp/JinzaiWeb/GICB102030.do?screenId=GICB102030&action=detail&detkey_Detail=04-%E3%83%A6-300221%2C1+++++,04-ユ-300221,有料職業紹介事業,宮城県,全行业,recruitment_agency,low,MHLW only proves a paid occupational placement license; headhunter positioning is not confirmed yet.,有料職業紹介事業; 厚生労働省,mhlw_verified,high,2026-05-22T11:37:50+08:00,Contact phone sourced from MHLW public occupational placement business detail page.
company-637c87eb,株式会社ＹＳ ｄｉａｇｒａｍ,,,,022-290-6900,,,https://jinzai.hellowork.mhlw.go.jp/JinzaiWeb/GICB102030.do?screenId=GICB102030&action=detail&detkey_Detail=04-%E3%83%A6-300223%2C1+++++,https://jinzai.hellowork.mhlw.go.jp/JinzaiWeb/GICB102030.do?screenId=GICB102030&action=detail&detkey_Detail=04-%E3%83%A6-300223%2C1+++++,04-ユ-300223,有料職業紹介事業,宮城県,全行业,recruitment_agency,low,MHLW only proves a paid occupational placement license; headhunter positioning is not confirmed yet.,有料職業紹介事業; 厚生労働省,mhlw_verified,high,2026-05-22T11:37:50+08:00,Contact phone sourced from MHLW public occupational placement business detail page.
company-54c6be2c,株式会社ケーユーケー,,,,022-766-9915,,,https://jinzai.hellowork.mhlw.go.jp/JinzaiWeb/GICB102030.do?screenId=GICB102030&action=detail&detkey_Detail=04-%E3%83%A6-300230%2C1+++++,https://jinzai.hellowork.mhlw.go.jp/JinzaiWeb/GICB102030.do?screenId=GICB102030&action=detail&detkey_Detail=04-%E3%83%A6-300230%2C1+++++,04-ユ-300230,有料職業紹介事業,宮城県,全行业,recruitment_agency,low,MHLW only proves a paid occupational placement license; headhunter positioning is not confirmed yet.,有料職業紹介事業; 厚生労働省,mhlw_verified,high,2026-05-22T11:37:50+08:00,Contact phone sourced from MHLW public occupational placement business detail page.
company-231747f5,株式会社人事・教育サービス,,,,022-226-7255,,,https://jinzai.hellowork.mhlw.go.jp/JinzaiWeb/GICB102030.do?screenId=GICB102030&action=detail&detkey_Detail=04-%E3%83%A6-300231%2C1+++++,https://jinzai.hellowork.mhlw.go.jp/JinzaiWeb/GICB102030.do?screenId=GICB102030&action=detail&detkey_Detail=04-%E3%83%A6-300231%2C1+++++,04-ユ-300231,有料職業紹介事業,宮城県,全行业,recruitment_agency,low,MHLW only proves a paid occupational placement license; headhunter positioning is not confirmed yet.,有料職業紹介事業; 厚生労働省,mhlw_verified,high,2026-05-22T11:37:50+08:00,Contact phone sourced from MHLW public occupational placement business detail page.
company-92ad0f25,株式会社ナラティブ,,,,022-711-5038,,,https://jinzai.hellowork.mhlw.go.jp/JinzaiWeb/GICB102030.do?screenId=GICB102030&action=detail&detkey_Detail=04-%E3%83%A6-300253%2C1+++++,https://jinzai.hellowork.mhlw.go.jp/JinzaiWeb/GICB102030.do?screenId=GICB102030&action=detail&detkey_Detail=04-%E3%83%A6-300253%2C1+++++,04-ユ-300253,有料職業紹介事業,宮城県,全行业,recruitment_agency,low,MHLW only proves a paid occupational placement license; headhunter positioning is not confirmed yet.,有料職業紹介事業; 厚生労働省,mhlw_verified,high,2026-05-22T11:37:50+08:00,Contact phone sourced from MHLW public occupational placement business detail page.
company-fb1f76e1,株式会社アオバワークス,,,,022-355-9234,,,https://jinzai.hellowork.mhlw.go.jp/JinzaiWeb/GICB102030.do?screenId=GICB102030&action=detail&detkey_Detail=04-%E3%83%A6-300255%2C1+++++,https://jinzai.hellowork.mhlw.go.jp/JinzaiWeb/GICB102030.do?screenId=GICB102030&action=detail&detkey_Detail=04-%E3%83%A6-300255%2C1+++++,04-ユ-300255,有料職業紹介事業,宮城県,全行业,recruitment_agency,low,MHLW only proves a paid occupational placement license; headhunter positioning is not confirmed yet.,有料職業紹介事業; 厚生労働省,mhlw_verified,high,2026-05-22T11:37:50+08:00,Contact phone sourced from MHLW public occupational placement business detail page.
company-4b808804,株式会社ニア,,,,022-342-0008,,,https://jinzai.hellowork.mhlw.go.jp/JinzaiWeb/GICB102030.do?screenId=GICB102030&action=detail&detkey_Detail=04-%E3%83%A6-300273%2C1+++++,https://jinzai.hellowork.mhlw.go.jp/JinzaiWeb/GICB102030.do?screenId=GICB102030&action=detail&detkey_Detail=04-%E3%83%A6-300273%2C1+++++,04-ユ-300273,有料職業紹介事業,宮城県,全行业,recruitment_agency,low,MHLW only proves a paid occupational placement license; headhunter positioning is not confirmed yet.,有料職業紹介事業; 厚生労働省,mhlw_verified,high,2026-05-22T11:37:50+08:00,Contact phone sourced from MHLW public occupational placement business detail page.
company-94250005,株式会社オフィス・インテグラル,,,,022-301-9803,,,https://jinzai.hellowork.mhlw.go.jp/JinzaiWeb/GICB102030.do?screenId=GICB102030&action=detail&detkey_Detail=04-%E3%83%A6-300280%2C1+++++,https://jinzai.hellowork.mhlw.go.jp/JinzaiWeb/GICB102030.do?screenId=GICB102030&action=detail&detkey_Detail=04-%E3%83%A6-300280%2C1+++++,04-ユ-300280,有料職業紹介事業,宮城県,全行业,recruitment_agency,low,MHLW only proves a paid occupational placement license; headhunter positioning is not confirmed yet.,有料職業紹介事業; 厚生労働省,mhlw_verified,high,2026-05-22T11:37:50+08:00,Contact phone sourced from MHLW public occupational placement business detail page.
company-230ef37e,株式会社クロスリード,,,,022-215-6661,,,https://jinzai.hellowork.mhlw.go.jp/JinzaiWeb/GICB102030.do?screenId=GICB102030&action=detail&detkey_Detail=04-%E3%83%A6-300287%2C1+++++,https://jinzai.hellowork.mhlw.go.jp/JinzaiWeb/GICB102030.do?screenId=GICB102030&action=detail&detkey_Detail=04-%E3%83%A6-300287%2C1+++++,04-ユ-300287,有料職業紹介事業,宮城県,全行业,recruitment_agency,low,MHLW only proves a paid occupational placement license; headhunter positioning is not confirmed yet.,有料職業紹介事業; 厚生労働省,mhlw_verified,high,2026-05-22T11:37:50+08:00,Contact phone sourced from MHLW public occupational placement business detail page.
company-fccc02c3,株式会社ＲｅＭＡＫＥ,,,,022-349-9923,,,https://jinzai.hellowork.mhlw.go.jp/JinzaiWeb/GICB102030.do?screenId=GICB102030&action=detail&detkey_Detail=04-%E3%83%A6-300290%2C1+++++,https://jinzai.hellowork.mhlw.go.jp/JinzaiWeb/GICB102030.do?screenId=GICB102030&action=detail&detkey_Detail=04-%E3%83%A6-300290%2C1+++++,04-ユ-300290,有料職業紹介事業,宮城県,全行业,recruitment_agency,low,MHLW only proves a paid occupational placement license; headhunter positioning is not confirmed yet.,有料職業紹介事業; 厚生労働省,mhlw_verified,high,2026-05-22T11:37:50+08:00,Contact phone sourced from MHLW public occupational placement business detail page.
company-f0af1aa6,株式会社レインボーフィールド,,,,022-288-5205,,,https://jinzai.hellowork.mhlw.go.jp/JinzaiWeb/GICB102030.do?screenId=GICB102030&action=detail&detkey_Detail=04-%E3%83%A6-300299%2C1+++++,https://jinzai.hellowork.mhlw.go.jp/JinzaiWeb/GICB102030.do?screenId=GICB102030&action=detail&detkey_Detail=04-%E3%83%A6-300299%2C1+++++,04-ユ-300299,有料職業紹介事業,宮城県,全行业,recruitment_agency,low,MHLW only proves a paid occupational placement license; headhunter positioning is not confirmed yet.,有料職業紹介事業; 厚生労働省,mhlw_verified,high,2026-05-22T11:37:50+08:00,Contact phone sourced from MHLW public occupational placement business detail page.
company-f6cfca5a,株式会社メディカル・ブリエ,,,,022-291-1286,,,https://jinzai.hellowork.mhlw.go.jp/JinzaiWeb/GICB102030.do?screenId=GICB102030&action=detail&detkey_Detail=04-%E3%83%A6-300302%2C1+++++,https://jinzai.hellowork.mhlw.go.jp/JinzaiWeb/GICB102030.do?screenId=GICB102030&action=detail&detkey_Detail=04-%E3%83%A6-300302%2C1+++++,04-ユ-300302,有料職業紹介事業,宮城県,全行业,recruitment_agency,low,MHLW only proves a paid occupational placement license; headhunter positioning is not confirmed yet.,有料職業紹介事業; 厚生労働省,mhlw_verified,high,2026-05-22T11:37:50+08:00,Contact phone sourced from MHLW public occupational placement business detail page.
company-64be7d39,ＲＴ Ｐａｒｔｎｅｒ合同会社,,,,022-209-4725,,,https://jinzai.hellowork.mhlw.go.jp/JinzaiWeb/GICB102030.do?screenId=GICB102030&action=detail&detkey_Detail=04-%E3%83%A6-300306%2C1+++++,https://jinzai.hellowork.mhlw.go.jp/JinzaiWeb/GICB102030.do?screenId=GICB102030&action=detail&detkey_Detail=04-%E3%83%A6-300306%2C1+++++,04-ユ-300306,有料職業紹介事業,宮城県,全行业,recruitment_agency,low,MHLW only proves a paid occupational placement license; headhunter positioning is not confirmed yet.,有料職業紹介事業; 厚生労働省,mhlw_verified,high,2026-05-22T11:37:50+08:00,Contact phone sourced from MHLW public occupational placement business detail page.
company-ac72c2a8,ＪＳ合同会社,,,,022-343-8710,,,https://jinzai.hellowork.mhlw.go.jp/JinzaiWeb/GICB102030.do?screenId=GICB102030&action=detail&detkey_Detail=04-%E3%83%A6-300315%2C1+++++,https://jinzai.hellowork.mhlw.go.jp/JinzaiWeb/GICB102030.do?screenId=GICB102030&action=detail&detkey_Detail=04-%E3%83%A6-300315%2C1+++++,04-ユ-300315,有料職業紹介事業,宮城県,全行业,recruitment_agency,low,MHLW only proves a paid occupational placement license; headhunter positioning is not confirmed yet.,有料職業紹介事業; 厚生労働省,mhlw_verified,high,2026-05-22T11:37:50+08:00,Contact phone sourced from MHLW public occupational placement business detail page.
company-0b3718d4,株式会社ミルフィーユ,,,,022-796-7548,,,https://jinzai.hellowork.mhlw.go.jp/JinzaiWeb/GICB102030.do?screenId=GICB102030&action=detail&detkey_Detail=04-%E3%83%A6-300320%2C1+++++,https://jinzai.hellowork.mhlw.go.jp/JinzaiWeb/GICB102030.do?screenId=GICB102030&action=detail&detkey_Detail=04-%E3%83%A6-300320%2C1+++++,04-ユ-300320,有料職業紹介事業,宮城県,全行业,recruitment_agency,low,MHLW only proves a paid occupational placement license; headhunter positioning is not confirmed yet.,有料職業紹介事業; 厚生労働省,mhlw_verified,high,2026-05-22T11:37:50+08:00,Contact phone sourced from MHLW public occupational placement business detail page.
